date,AGGH.MI,BTC-USD,CSPX.L,EIMI.L,IBC1.MU,IGLN.L,IWDP.L,VWRL.L
2021-01-01,,29374.15234375,,,,,,
2021-01-02,,32127.267578125,,,,,,
2021-01-03,,32782.0234375,,,,,,
2021-01-04,5.394999980926514,31971.9140625,373.7099914550781,36.08000183105469,,37.91999816894531,1788.2706298828125,70.9735107421875
2021-01-05,5.382999897003174,33992.4296875,374.6499938964844,36.529998779296875,,38.0625,1788.7696533203125,71.05553436279297
2021-01-06,5.361000061035156,36824.36328125,380.69000244140625,36.630001068115234,,37.255001068115234,1798.50341796875,72.2540512084961
2021-01-07,5.361000061035156,39371.04296875,383.8299865722656,36.63999938964844,,37.41749954223633,1784.27734375,72.7416763305664
2021-01-08,5.360000133514404,40797.609375,384.7699890136719,37.58000183105469,,36.372501373291016,1788.7696533203125,73.1427230834961
2021-01-09,5.360000133514404,40254.546875,384.7699890136719,37.58000183105469,,36.372501373291016,1788.7696533203125,73.1427230834961
2021-01-10,5.360000133514404,38356.44140625,384.7699890136719,37.58000183105469,,36.372501373291016,1788.7696533203125,73.1427230834961
2021-01-11,5.35699987411499,35566.65625,384.5899963378906,37.310001373291016,,36.10499954223633,1782.0311279296875,73.33863830566406
2021-01-12,5.3429999351501465,33922.9609375,383.80999755859375,37.54999923706055,,36.037498474121094,1765.3089599609375,72.63233184814453
2021-01-13,5.359000205993652,37316.359375,384.6600036621094,37.4900016784668,,36.29249954223633,1778.03759765625,72.7416763305664
2021-01-14,5.363999843597412,39187.328125,385.1600036621094,38.16999816894531,,36.0724983215332,1791.2655029296875,72.80547332763672
2021-01-15,5.361999988555908,36825.3671875,381.19000244140625,37.56999969482422,,35.75,1796.25732421875,72.41812133789062
2021-01-16,5.361999988555908,36178.140625,381.19000244140625,37.56999969482422,,35.75,1796.25732421875,72.41812133789062
2021-01-17,5.361999988555908,35791.27734375,381.19000244140625,37.56999969482422,,35.75,1796.25732421875,72.41812133789062
2021-01-18,5.359000205993652,36630.07421875,381.1199951171875,37.619998931884766,,35.907501220703125,1813.2288818359375,72.53660583496094
2021-01-19,5.361999988555908,36069.8046875,382.0,37.970001220703125,,35.9900016784668,1803.4951171875,72.58673858642578
2021-01-20,5.361999988555908,35547.75,387.6700134277344,38.52000045776367,,36.42250061035156,1815.475341796875,73.30677032470703
2021-01-21,5.355999946594238,30825.69921875,388.8800048828125,38.70000076293945,,36.412498474121094,1793.7613525390625,73.16093444824219
2021-01-22,5.355999946594238,33005.76171875,387.739990234375,38.29999923706055,,36.2400016784668,1801.2491455078125,73.06068420410156
2021-01-23,5.355999946594238,32067.642578125,387.739990234375,38.29999923706055,,36.2400016784668,1801.2491455078125,73.06068420410156
2021-01-24,5.355999946594238,32289.37890625,387.739990234375,38.29999923706055,,36.2400016784668,1801.2491455078125,73.06068420410156
2021-01-25,5.36899995803833,32366.392578125,386.2900085449219,38.47999954223633,,36.192501068115234,1804.7432861328125,72.79637908935547
2021-01-26,5.360000133514404,32569.849609375,389.17999267578125,38.27000045776367,,36.224998474121094,1810.4833984375,72.85560607910156
2021-01-27,5.36299991607666,30432.546875,382.1499938964844,37.619998931884766,,36.11000061035156,1805.7413330078125,71.79377746582031
2021-01-28,5.357999801635742,33466.09765625,385.05999755859375,37.52000045776367,,36.2599983215332,1814.227294921875,71.80289459228516
2021-01-29,5.355999946594238,34316.38671875,377.04998779296875,36.86000061035156,,36.28499984741211,1802.746337890625,70.60893249511719
2021-01-30,5.355999946594238,34269.5234375,377.04998779296875,36.86000061035156,,36.28499984741211,1802.746337890625,70.60893249511719
2021-01-31,5.355999946594238,33114.359375,377.04998779296875,36.86000061035156,,36.28499984741211,1802.746337890625,70.60893249511719
2021-02-01,5.3520002365112305,33537.17578125,379.55999755859375,37.439998626708984,,36.352500915527344,1798.753173828125,71.39276123046875
2021-02-02,5.348999977111816,35510.2890625,387.4800109863281,38.220001220703125,,35.8849983215332,1824.2109375,72.7462387084961
2021-02-03,5.3480000495910645,37472.08984375,386.8699951171875,38.41999816894531,,35.8849983215332,1812.23095703125,72.79182434082031
2021-02-04,5.341000080108643,36926.06640625,389.45001220703125,38.25,,34.95249938964844,1829.20263671875,73.05158233642578
2021-02-05,5.334000110626221,38144.30859375,392.6600036621094,38.68000030517578,,35.349998474121094,1829.9510498046875,73.24752807617188
2021-02-06,5.334000110626221,39266.01171875,392.6600036621094,38.68000030517578,,35.349998474121094,1829.9510498046875,73.24752807617188
2021-02-07,5.334000110626221,38903.44140625,392.6600036621094,38.68000030517578,,35.349998474121094,1829.9510498046875,73.24752807617188
2021-02-08,5.324999809265137,46196.46484375,393.67999267578125,38.77000045776367,,35.81999969482422,1829.9510498046875,73.64399719238281
2021-02-09,5.339000225067139,46481.10546875,395.0,39.08000183105469,,35.90250015258789,1825.9578857421875,73.55287170410156
2021-02-10,5.335999965667725,44918.18359375,394.7699890136719,39.349998474121094,,35.93000030517578,1842.180908203125,73.3022232055664
2021-02-11,5.335999965667725,47909.33203125,395.94000244140625,39.90999984741211,,35.86000061035156,1836.0465087890625,73.92652893066406
2021-02-12,5.327000141143799,47504.8515625,396.489990234375,39.88999938964844,,35.70000076293945,1830.3055419921875,73.89009857177734
2021-02-13,5.327000141143799,47105.515625,396.489990234375,39.88999938964844,,35.70000076293945,1830.3055419921875,73.89009857177734
2021-02-14,5.327000141143799,48717.2890625,396.489990234375,39.88999938964844,,35.70000076293945,1830.3055419921875,73.89009857177734
2021-02-15,5.313000202178955,47945.05859375,399.7300109863281,40.209999084472656,,35.54750061035156,1840.289306640625,74.28656005859375
2021-02-16,5.302999973297119,49199.87109375,397.75,39.970001220703125,,35.24250030517578,1828.8077392578125,73.95390319824219
2021-02-17,5.307000160217285,52149.0078125,395.0899963378906,39.7400016784668,,34.662498474121094,1827.56005859375,73.65311431884766
2021-02-18,5.300000190734863,51679.796875,394.1199951171875,39.209999084472656,,34.685001373291016,1802.3507080078125,72.76447296142578
2021-02-19,5.294000148773193,55888.1328125,397.1600036621094,39.91999816894531,,34.89500045776367,1811.3360595703125,73.11538696289062
2021-02-20,5.294000148773193,56099.51953125,397.1600036621094,39.91999816894531,,34.89500045776367,1811.3360595703125,73.11538696289062
2021-02-21,5.294000148773193,57539.9453125,397.1600036621094,39.91999816894531,,34.89500045776367,1811.3360595703125,73.11538696289062
2021-02-22,5.284999847412109,54207.3203125,392.760009765625,38.790000915527344,,35.349998474121094,1813.0831298828125,72.11279296875
2021-02-23,5.276000022888184,48824.42578125,390.25,38.540000915527344,,35.279998779296875,1830.3055419921875,71.36541748046875
2021-02-24,5.26800012588501,49705.33203125,394.6700134277344,38.34000015258789,,35.147499084472656,1853.018798828125,71.85303497314453
2021-02-25,5.244999885559082,47093.8515625,393.260009765625,38.349998474121094,,34.73500061035156,1849.025390625,71.56136322021484
2021-02-26,5.239999771118164,46339.76171875,388.44000244140625,37.27000045776367,,33.720001220703125,1825.06396484375,70.96893310546875
2021-02-27,5.239999771118164,46188.453125,388.44000244140625,37.27000045776367,,33.720001220703125,1825.06396484375,70.96893310546875
2021-02-28,5.239999771118164,45137.76953125,388.44000244140625,37.27000045776367,,33.720001220703125,1825.06396484375,70.96893310546875
2021-03-01,5.270999908447266,49631.2421875,393.9800109863281,38.2400016784668,,33.90250015258789,1840.5390625,72.19937896728516
2021-03-02,5.27400016784668,48378.98828125,391.9800109863281,37.7599983215332,,33.78499984741211,1810.5872802734375,71.91226196289062
2021-03-03,5.255000114440918,50538.2421875,390.8599853515625,38.040000915527344,,33.65250015258789,1814.3309326171875,71.6980972290039
2021-03-04,5.258999824523926,48561.16796875,386.92999267578125,37.689998626708984,,33.537498474121094,1819.572998046875,71.02818298339844
2021-03-05,5.249000072479248,48927.3046875,378.2300109863281,36.75,,33.11750030517578,1796.1107177734375,70.3992919921875
2021-03-06,5.249000072479248,48912.3828125,378.2300109863281,36.75,,33.11750030517578,1796.1107177734375,70.3992919921875
2021-03-07,5.249000072479248,51206.69140625,378.2300109863281,36.75,,33.11750030517578,1796.1107177734375,70.3992919921875
2021-03-08,5.243000030517578,52246.5234375,391.3500061035156,36.47999954223633,,32.8125,1850.2735595703125,72.01254272460938
2021-03-09,5.248000144958496,54824.1171875,393.3999938964844,36.900001525878906,,33.48249816894531,1844.2830810546875,72.17203521728516
2021-03-10,5.250999927520752,56008.55078125,394.5400085449219,36.779998779296875,,33.529998779296875,1836.0465087890625,72.29508209228516
2021-03-11,5.258999824523926,57805.12109375,399.9800109863281,37.90999984741211,,33.64500045776367,1860.0076904296875,72.92396545410156
2021-03-12,5.239999771118164,57332.08984375,397.1400146484375,37.290000915527344,,33.462501525878906,1868.2445068359375,72.7188949584961
2021-03-13,5.239999771118164,61243.0859375,397.1400146484375,37.290000915527344,,33.462501525878906,1868.2445068359375,72.7188949584961
2021-03-14,5.239999771118164,59302.31640625,397.1400146484375,37.290000915527344,,33.462501525878906,1868.2445068359375,72.7188949584961
2021-03-15,5.245999813079834,55907.19921875,398.8399963378906,37.31999969482422,,33.77000045776367,1898.4459228515625,73.0333480834961
2021-03-16,5.24399995803833,56804.90234375,401.6099853515625,37.63999938964844,,33.779998779296875,1899.1949462890625,73.50730895996094
2021-03-17,5.230000019073486,58870.89453125,399.1600036621094,37.25,,33.73500061035156,1894.203125,73.1837387084961
2021-03-18,5.2210001945495605,57858.921875,400.8699951171875,37.380001068115234,,33.875,1887.713134765625,73.26374053955078
2021-03-19,5.228000164031982,58346.65234375,396.9700012207031,37.349998474121094,,33.98500061035156,1891.7069091796875,72.96206665039062
2021-03-20,5.228000164031982,58313.64453125,396.9700012207031,37.349998474121094,,33.98500061035156,1891.7069091796875,72.96206665039062
2021-03-21,5.228000164031982,57523.421875,396.9700012207031,37.349998474121094,,33.98500061035156,1891.7069091796875,72.96206665039062
2021-03-22,5.236999988555908,54529.14453125,399.05999755859375,37.45000076293945,,33.967498779296875,1875.7325439453125,73.3277587890625
2021-03-23,5.248000144958496,54738.9453125,398.45001220703125,36.849998474121094,,33.73249816894531,1893.2041015625,73.42831420898438
2021-03-24,5.25,52774.265625,398.1499938964844,36.25,,33.90250015258789,1905.18505859375,73.35516357421875
2021-03-25,5.25600004196167,51704.16015625,393.9200134277344,36.0099983215332,,33.82749938964844,1886.96435546875,72.7152328491211
2021-03-26,5.249000072479248,55137.3125,398.8800048828125,36.290000915527344,,33.852500915527344,1903.188232421875,73.20889282226562
2021-03-27,5.249000072479248,55973.51171875,398.8800048828125,36.290000915527344,,33.852500915527344,1903.188232421875,73.20889282226562
2021-03-28,5.249000072479248,55950.74609375,398.8800048828125,36.290000915527344,,33.852500915527344,1903.188232421875,73.20889282226562
2021-03-29,5.241000175476074,57750.19921875,400.5199890136719,36.5,,33.41749954223633,1894.203125,73.3277587890625
2021-03-30,5.230000019073486,58917.69140625,400.95001220703125,36.77000045776367,,32.880001068115234,1917.6649169921875,73.82144165039062
2021-03-31,5.241000175476074,58918.83203125,402.94000244140625,36.869998931884766,,33.275001525878906,1901.9403076171875,73.74827575683594
2021-04-01,5.249000072479248,59095.80859375,405.5799865722656,37.369998931884766,,33.75749969482422,1900.6925048828125,74.10481262207031
2021-04-02,5.249000072479248,59384.3125,405.5799865722656,37.369998931884766,,33.75749969482422,1900.6925048828125,74.10481262207031
2021-04-03,5.249000072479248,57603.890625,405.5799865722656,37.369998931884766,,33.75749969482422,1900.6925048828125,74.10481262207031
2021-04-04,5.249000072479248,58758.5546875,405.5799865722656,37.369998931884766,,33.75749969482422,1900.6925048828125,74.10481262207031
2021-04-05,,59057.87890625,,,,,,
2021-04-06,5.249000072479248,58192.359375,413.20001220703125,37.63999938964844,,34.067501068115234,1922.9063720703125,75.0647201538086
2021-04-07,5.25,56048.9375,412.70001220703125,37.150001525878906,,33.98249816894531,1938.6312255859375,75.2750015258789
2021-04-08,5.254000186920166,58323.953125,414.32000732421875,37.47999954223633,,34.26250076293945,1950.86181640625,75.91949462890625
2021-04-09,5.247000217437744,58245.00390625,415.54998779296875,37.02000045776367,,34.0525016784668,1950.86181640625,75.96975708007812
2021-04-10,5.247000217437744,59793.234375,415.54998779296875,37.02000045776367,,34.0525016784668,1950.86181640625,75.96975708007812
2021-04-11,5.247000217437744,60204.96484375,415.54998779296875,37.02000045776367,,34.0525016784668,1950.86181640625,75.96975708007812
2021-04-12,5.24399995803833,59893.453125,417.239990234375,36.83000183105469,,33.86000061035156,1939.879150390625,75.98348999023438
2021-04-13,5.245999813079834,63503.45703125,418.6099853515625,37.09000015258789,,34.05500030517578,1959.3480224609375,76.25318145751953
2021-04-14,5.245999813079834,63109.6953125,419.6700134277344,37.369998931884766,,33.88750076293945,1964.5894775390625,76.30803680419922
2021-04-15,5.263000011444092,63314.01171875,421.239990234375,37.459999084472656,,34.50749969482422,1968.5830078125,76.64171600341797
2021-04-16,5.25,61572.7890625,423.1000061035156,37.63999938964844,,34.73249816894531,1978.56689453125,76.77426147460938
2021-04-17,5.25,60683.8203125,423.1000061035156,37.63999938964844,,34.73249816894531,1978.56689453125,76.77426147460938
2021-04-18,5.25,56216.18359375,423.1000061035156,37.63999938964844,,34.73249816894531,1978.56689453125,76.77426147460938
2021-04-19,5.254000186920166,55724.265625,421.80999755859375,37.5,,34.63249969482422,1955.104736328125,75.74124145507812
2021-04-20,5.258999824523926,56473.03125,417.3599853515625,37.209999084472656,,34.67499923706055,1968.5830078125,75.01900482177734
2021-04-21,5.257999897003174,53906.08984375,421.010009765625,37.349998474121094,,35.04249954223633,1976.3209228515625,75.56752014160156
2021-04-22,5.258999824523926,51762.2734375,423.3599853515625,37.5,,34.782501220703125,1999.533447265625,76.43601989746094
2021-04-23,5.260000228881836,51093.65234375,422.8800048828125,37.81999969482422,,34.685001373291016,1991.0469970703125,76.55485534667969
2021-04-24,5.260000228881836,50050.8671875,422.8800048828125,37.81999969482422,,34.685001373291016,1991.0469970703125,76.55485534667969
2021-04-25,5.260000228881836,49004.25390625,422.8800048828125,37.81999969482422,,34.685001373291016,1991.0469970703125,76.55485534667969
2021-04-26,5.25600004196167,54021.75390625,424.4800109863281,37.88999938964844,,34.720001220703125,1999.7828369140625,76.64171600341797
2021-04-27,5.252999782562256,55033.1171875,423.95001220703125,37.959999084472656,,34.73249816894531,1991.5465087890625,76.34459686279297
2021-04-28,5.247000217437744,54824.703125,424.4599914550781,38.130001068115234,,34.654998779296875,1996.0389404296875,76.5274429321289
2021-04-29,5.23799991607666,53555.109375,424.7699890136719,37.970001220703125,,34.53499984741211,1993.5430908203125,76.29431915283203
2021-04-30,5.244999885559082,57750.17578125,423.80999755859375,37.529998779296875,,34.50749969482422,2006.272705078125,76.56399536132812
2021-05-01,5.244999885559082,57828.05078125,423.80999755859375,37.529998779296875,,34.50749969482422,2006.272705078125,76.56399536132812
2021-05-02,5.244999885559082,56631.078125,423.80999755859375,37.529998779296875,,34.50749969482422,2006.272705078125,76.56399536132812
2021-05-03,5.25,57200.29296875,423.80999755859375,37.529998779296875,,34.50749969482422,2006.272705078125,76.56399536132812
2021-05-04,5.252999782562256,53333.5390625,419.3299865722656,36.880001068115234,,34.84000015258789,1996.28857421875,75.39840698242188
2021-05-05,5.254000186920166,57424.0078125,423.6000061035156,37.279998779296875,,34.8125,1971.8282470703125,76.06119537353516
2021-05-06,5.254000186920166,56396.515625,423.2900085449219,37.5,,35.459999084472656,1981.3123779296875,76.1800537109375
2021-05-07,5.250999927520752,57356.40234375,429.2799987792969,38.099998474121094,,35.810001373291016,1988.0516357421875,76.79712677001953
2021-05-08,5.250999927520752,58803.77734375,429.2799987792969,38.099998474121094,,35.810001373291016,1988.0516357421875,76.79712677001953
2021-05-09,5.250999927520752,58232.31640625,429.2799987792969,38.099998474121094,,35.810001373291016,1988.0516357421875,76.79712677001953
2021-05-10,5.248000144958496,55859.796875,428.92999267578125,37.529998779296875,,35.9275016784668,1992.2947998046875,75.88751220703125
2021-05-11,5.232999801635742,56704.57421875,420.45001220703125,37.13999938964844,,35.76499938964844,1945.1209716796875,74.47050476074219
2021-05-12,5.22599983215332,49150.53515625,415.0899963378906,36.33000183105469,,35.560001373291016,1938.880859375,73.77571868896484
2021-05-13,5.223999977111816,49716.19140625,416.4599914550781,36.189998626708984,,35.627498626708984,1920.555419921875,74.16881561279297
2021-05-14,5.230000019073486,49880.53515625,422.1000061035156,36.65999984741211,,35.904998779296875,1931.7879638671875,74.89102172851562
2021-05-15,5.230000019073486,46760.1875,422.1000061035156,36.65999984741211,,35.904998779296875,1931.7879638671875,74.89102172851562
2021-05-16,5.230000019073486,46456.05859375,422.1000061035156,36.65999984741211,,35.904998779296875,1931.7879638671875,74.89102172851562
2021-05-17,5.23199987411499,43537.51171875,420.8399963378906,36.61000061035156,,36.380001068115234,1929.2918701171875,74.5481948852539
2021-05-18,5.2270002365112305,42909.40234375,421.57000732421875,37.22999954223633,,36.467498779296875,1940.2752685546875,74.71275329589844
2021-05-19,5.235000133514404,37002.44140625,414.010009765625,37.0,,36.77750015258789,1918.3089599609375,73.74827575683594
2021-05-20,5.230999946594238,40782.73828125,421.7699890136719,37.27000045776367,,36.665000915527344,1943.2706298828125,74.87275695800781
2021-05-21,5.234000205993652,37304.69140625,423.1300048828125,37.02000045776367,,36.654998779296875,1943.2706298828125,74.9093246459961
2021-05-22,5.234000205993652,37536.6328125,423.1300048828125,37.02000045776367,,36.654998779296875,1943.2706298828125,74.9093246459961
2021-05-23,5.234000205993652,34770.58203125,423.1300048828125,37.02000045776367,,36.654998779296875,1943.2706298828125,74.9093246459961
2021-05-24,5.245999813079834,38705.98046875,426.1499938964844,37.220001220703125,,36.76750183105469,1963.9886474609375,75.4532470703125
2021-05-25,5.247000217437744,38402.22265625,424.760009765625,37.529998779296875,,36.942501068115234,1971.2275390625,75.6452407836914
2021-05-26,5.255000114440918,39294.19921875,425.4100036621094,37.7599983215332,,37.147499084472656,1981.21240234375,75.73209381103516
2021-05-27,5.245999813079834,38436.96875,426.3800048828125,37.869998931884766,,36.92250061035156,1972.2261962890625,75.61323547363281
2021-05-28,5.25,35697.60546875,427.3500061035156,38.18000030517578,,36.977500915527344,1980.2139892578125,75.90579223632812
2021-05-29,5.25,34616.06640625,427.3500061035156,38.18000030517578,,36.977500915527344,1980.2139892578125,75.90579223632812
2021-05-30,5.25,35678.12890625,427.3500061035156,38.18000030517578,,36.977500915527344,1980.2139892578125,75.90579223632812
2021-05-31,5.25,37332.85546875,427.3500061035156,38.18000030517578,,36.977500915527344,1980.2139892578125,75.90579223632812
2021-06-01,5.245999813079834,36684.92578125,426.7200012207031,38.900001525878906,,37.067501068115234,1996.9381103515625,76.15262603759766
2021-06-02,5.245999813079834,37575.1796875,427.6400146484375,38.95000076293945,,37.17499923706055,2020.651611328125,76.26231384277344
2021-06-03,5.248000144958496,39208.765625,425.7900085449219,38.63999938964844,,36.49250030517578,2025.89404296875,76.26231384277344
2021-06-04,5.255000114440918,36894.40625,428.4200134277344,38.849998474121094,,36.9474983215332,2016.158935546875,76.35833740234375
2021-06-05,5.255000114440918,35551.95703125,428.4200134277344,38.849998474121094,,36.9474983215332,2016.158935546875,76.35833740234375
2021-06-06,5.255000114440918,35862.37890625,428.4200134277344,38.849998474121094,,36.9474983215332,2016.158935546875,76.35833740234375
2021-06-07,5.248000144958496,33560.70703125,428.0199890136719,38.63999938964844,,36.970001220703125,2040.1221923828125,76.33546447753906
2021-06-08,5.255000114440918,33472.6328125,427.8399963378906,38.540000915527344,,36.939998626708984,2058.093994140625,76.47258758544922
2021-06-09,5.265999794006348,37345.12109375,429.260009765625,38.52000045776367,,36.92499923706055,2075.568115234375,76.76056671142578
2021-06-10,5.269000053405762,36702.59765625,429.92999267578125,38.7599983215332,,36.92250061035156,2072.0732421875,76.70113372802734
2021-06-11,5.275000095367432,37334.3984375,430.1099853515625,38.61000061035156,,36.647499084472656,2067.580078125,76.91139221191406
2021-06-12,5.275000095367432,35552.515625,430.1099853515625,38.61000061035156,,36.647499084472656,2067.580078125,76.91139221191406
2021-06-13,5.275000095367432,39097.859375,430.1099853515625,38.61000061035156,,36.647499084472656,2067.580078125,76.91139221191406
2021-06-14,5.265999794006348,40218.4765625,430.010009765625,38.81999969482422,,36.397499084472656,2073.570068359375,77.0759506225586
2021-06-15,5.265999794006348,40406.26953125,430.42999267578125,38.5099983215332,,36.33000183105469,2069.826904296875,77.19937896728516
2021-06-16,5.269999980926514,38347.0625,431.0299987792969,38.529998779296875,,36.290000915527344,2066.58203125,77.21309661865234
2021-06-17,5.26200008392334,38053.50390625,429.0299987792969,38.27000045776367,,34.584999084472656,2055.847900390625,77.5453109741211
2021-06-18,5.271999835968018,35787.24609375,424.32000732421875,37.939998626708984,,34.6775016784668,2061.8388671875,77.18700408935547
2021-06-19,5.271999835968018,35615.87109375,424.32000732421875,37.939998626708984,,34.6775016784668,2061.8388671875,77.18700408935547
2021-06-20,5.271999835968018,35698.296875,424.32000732421875,37.939998626708984,,34.6775016784668,2061.8388671875,77.18700408935547
2021-06-21,5.270999908447266,31676.693359375,427.8299865722656,37.91999816894531,,34.810001373291016,2060.34130859375,77.21916198730469
2021-06-22,5.26200008392334,32505.66015625,430.3599853515625,37.84000015258789,,34.6775016784668,2066.082763671875,77.50398254394531
2021-06-23,5.264999866485596,33723.02734375,430.9200134277344,38.209999084472656,,34.86750030517578,2062.08837890625,77.4396743774414
2021-06-24,5.267000198364258,34662.4375,432.9200134277344,38.5,,34.72999954223633,2058.59326171875,78.13789367675781
2021-06-25,5.260000228881836,31637.779296875,434.4599914550781,38.7599983215332,,34.755001068115234,2065.08349609375,78.41351318359375
2021-06-26,5.260000228881836,32186.27734375,434.4599914550781,38.7599983215332,,34.755001068115234,2065.08349609375,78.41351318359375
2021-06-27,5.260000228881836,34649.64453125,434.4599914550781,38.7599983215332,,34.755001068115234,2065.08349609375,78.41351318359375
2021-06-28,5.264999866485596,34434.3359375,434.29998779296875,38.79999923706055,,34.74250030517578,2058.59326171875,78.39513397216797
2021-06-29,5.271999835968018,35867.77734375,436.1499938964844,38.65999984741211,,34.400001525878906,2066.831298828125,78.84990692138672
2021-06-30,5.269999980926514,35040.8359375,435.94000244140625,38.59000015258789,,34.46500015258789,2057.595458984375,78.71668243408203
2021-07-01,5.271999835968018,33572.1171875,437.5,38.369998931884766,,34.557498931884766,2064.833740234375,78.99231719970703
2021-07-02,5.2789998054504395,33897.046875,440.30999755859375,38.310001373291016,,34.817501068115234,2068.578125,79.22200012207031
2021-07-03,5.2789998054504395,34668.546875,440.30999755859375,38.310001373291016,,34.817501068115234,2068.578125,79.22200012207031
2021-07-04,5.2789998054504395,35287.78125,440.30999755859375,38.310001373291016,,34.817501068115234,2068.578125,79.22200012207031
2021-07-05,5.276000022888184,33746.00390625,442.05999755859375,38.209999084472656,,34.970001220703125,2072.322998046875,79.14849090576172
2021-07-06,5.290999889373779,34235.1953125,439.4700012207031,37.88999938964844,,35.212501525878906,2072.572998046875,78.97393035888672
2021-07-07,5.300000190734863,33855.328125,441.5299987792969,37.75,,35.165000915527344,2091.543212890625,79.36898040771484
2021-07-08,5.301000118255615,32877.37109375,437.9700012207031,37.040000915527344,,35.06999969482422,2090.0458984375,78.5237808227539
2021-07-09,5.298999786376953,33798.01171875,443.04998779296875,37.529998779296875,,35.3025016784668,2094.7880859375,79.10716247558594
2021-07-10,5.298999786376953,33520.51953125,443.04998779296875,37.529998779296875,,35.3025016784668,2094.7880859375,79.10716247558594
2021-07-11,5.298999786376953,34240.1875,443.04998779296875,37.529998779296875,,35.3025016784668,2094.7880859375,79.10716247558594
2021-07-12,5.294000148773193,33155.84765625,444.3599853515625,37.61000061035156,,35.22999954223633,2119.99951171875,79.12094116210938
2021-07-13,5.296999931335449,32702.025390625,445.989990234375,37.91999816894531,,35.39500045776367,2114.758056640625,79.51598358154297
2021-07-14,5.294000148773193,32822.34765625,444.07000732421875,37.95000076293945,,35.592498779296875,2107.01953125,79.24036407470703
2021-07-15,5.300000190734863,31780.73046875,443.3900146484375,38.06999969482422,,35.6150016784668,2104.274169921875,78.91422271728516
2021-07-16,5.306000232696533,31421.5390625,441.80999755859375,37.790000915527344,,35.36249923706055,2131.731689453125,79.06578826904297
2021-07-17,5.306000232696533,31533.068359375,441.80999755859375,37.790000915527344,,35.36249923706055,2131.731689453125,79.06578826904297
2021-07-18,5.306000232696533,31796.810546875,441.80999755859375,37.790000915527344,,35.36249923706055,2131.731689453125,79.06578826904297
2021-07-19,5.318999767303467,30817.83203125,433.05999755859375,37.06999969482422,,35.247501373291016,2100.03076171875,77.97251892089844
2021-07-20,5.327000141143799,29807.34765625,437.9200134277344,37.099998474121094,,35.279998779296875,2132.73046875,79.18982696533203
2021-07-21,5.316999912261963,32110.693359375,441.6400146484375,37.290000915527344,,35.227500915527344,2143.962890625,79.41493225097656
2021-07-22,5.323999881744385,32313.10546875,442.5799865722656,37.45000076293945,,35.275001525878906,2121.747314453125,79.3414306640625
2021-07-23,5.318999767303467,33581.55078125,447.3999938964844,36.93000030517578,,35.15250015258789,2125.74169921875,79.86510467529297
2021-07-24,5.318999767303467,34292.4453125,447.3999938964844,36.93000030517578,,35.15250015258789,2125.74169921875,79.86510467529297
2021-07-25,5.318999767303467,35350.1875,447.3999938964844,36.93000030517578,,35.15250015258789,2125.74169921875,79.86510467529297
2021-07-26,5.324999809265137,37337.53515625,448.69000244140625,36.459999084472656,,35.13750076293945,2117.50341796875,79.47924041748047
2021-07-27,5.330999851226807,39406.94140625,445.5,35.38999938964844,,35.157501220703125,2118.501953125,78.30323791503906
2021-07-28,5.327000141143799,39995.90625,447.2699890136719,36.34000015258789,,35.147499084472656,2119.250732421875,78.93718719482422
2021-07-29,5.328999996185303,40008.421875,449.42999267578125,36.75,,35.720001220703125,2115.755859375,79.01527404785156
2021-07-30,5.331999778747559,42235.546875,446.6400146484375,36.52000045776367,,35.56999969482422,2126.4892578125,78.87287902832031
2021-07-31,5.331999778747559,41626.1953125,446.6400146484375,36.52000045776367,,35.56999969482422,2126.4892578125,78.87287902832031
2021-08-01,5.331999778747559,39974.89453125,446.6400146484375,36.52000045776367,,35.56999969482422,2126.4892578125,78.87287902832031
2021-08-02,5.3420000076293945,39201.9453125,448.510009765625,36.86000061035156,,35.442501068115234,2129.984375,79.34602355957031
2021-08-03,5.3420000076293945,38152.98046875,446.44000244140625,36.66999816894531,,35.3224983215332,2111.013916015625,78.9831314086914
2021-08-04,5.3429999351501465,39747.50390625,447.6400146484375,37.0099983215332,,35.29249954223633,2117.7529296875,79.24493408203125
2021-08-05,5.333000183105469,40869.5546875,449.30999755859375,37.09000015258789,,35.220001220703125,2123.49365234375,79.43328857421875
2021-08-06,5.322000026702881,42816.5,450.4700012207031,36.70000076293945,,34.3849983215332,2136.225341796875,79.6170425415039
2021-08-07,5.322000026702881,44555.80078125,450.4700012207031,36.70000076293945,,34.3849983215332,2136.225341796875,79.6170425415039
2021-08-08,5.322000026702881,43798.1171875,450.4700012207031,36.70000076293945,,34.3849983215332,2136.225341796875,79.6170425415039
2021-08-09,5.321000099182129,46365.40234375,450.2200012207031,36.86000061035156,,33.73749923706055,2122.49609375,79.77322387695312
2021-08-10,5.316999912261963,45585.03125,450.8999938964844,36.79999923706055,,33.70500183105469,2119.50048828125,79.90645599365234
2021-08-11,5.315000057220459,45593.63671875,451.29998779296875,36.79999923706055,,34.15250015258789,2116.00537109375,79.94316864013672
2021-08-12,5.318999767303467,44428.2890625,452.1300048828125,36.59000015258789,,34.147499084472656,2108.389892578125,80.19583892822266
2021-08-13,5.326000213623047,47793.3203125,453.8800048828125,36.349998474121094,,34.68000030517578,2115.878662109375,80.3152847290039
2021-08-14,5.326000213623047,47096.9453125,453.8800048828125,36.349998474121094,,34.68000030517578,2115.878662109375,80.3152847290039
2021-08-15,5.326000213623047,47047.00390625,453.8800048828125,36.349998474121094,,34.68000030517578,2115.878662109375,80.3152847290039
2021-08-16,5.330999851226807,46004.484375,452.4700012207031,36.11000061035156,,34.84000015258789,2125.86474609375,79.93860626220703
2021-08-17,5.328000068664551,44695.359375,452.6199951171875,35.61000061035156,,34.76499938964844,2123.1181640625,80.18666076660156
2021-08-18,5.328999996185303,44801.1875,451.5299987792969,35.779998779296875,,34.76750183105469,2123.6171875,80.14530944824219
2021-08-19,5.333000183105469,46717.578125,447.2300109863281,34.9900016784668,,34.79750061035156,2117.6259765625,79.63542938232422
2021-08-20,5.335000038146973,49339.17578125,450.9200134277344,34.91999816894531,,34.80500030517578,2136.59814453125,80.2785415649414
2021-08-21,5.335000038146973,48905.4921875,450.9200134277344,34.91999816894531,,34.80500030517578,2136.59814453125,80.2785415649414
2021-08-22,5.335000038146973,49321.65234375,450.9200134277344,34.91999816894531,,34.80500030517578,2136.59814453125,80.2785415649414
2021-08-23,5.331999778747559,49546.1484375,455.94000244140625,35.31999969482422,,35.20500183105469,2121.121337890625,80.59549713134766
2021-08-24,5.329999923706055,47706.1171875,456.1600036621094,36.18000030517578,,35.252498626708984,2115.62939453125,81.0135269165039
2021-08-25,5.309000015258789,48960.7890625,457.239990234375,36.310001373291016,,34.88249969482422,2119.623779296875,81.12376403808594
2021-08-26,5.315000057220459,46942.21875,455.70001220703125,36.0099983215332,,35.02750015258789,2119.3740234375,80.82977294921875
2021-08-27,5.320000171661377,49058.66796875,458.05999755859375,36.38999938964844,,35.28499984741211,2138.345458984375,81.09160614013672
2021-08-28,5.320000171661377,48902.40234375,458.05999755859375,36.38999938964844,,35.28499984741211,2138.345458984375,81.09160614013672
2021-08-29,5.320000171661377,48829.83203125,458.05999755859375,36.38999938964844,,35.28499984741211,2138.345458984375,81.09160614013672
2021-08-30,5.326000213623047,47054.984375,458.05999755859375,36.38999938964844,,35.28499984741211,2138.345458984375,81.09160614013672
2021-08-31,5.316999912261963,47166.6875,460.7300109863281,37.02000045776367,,35.28499984741211,2151.32666015625,81.55554962158203
2021-09-01,5.315999984741211,48847.02734375,460.8999938964844,37.529998779296875,,35.407501220703125,2167.802490234375,81.72093200683594
2021-09-02,5.318999767303467,49327.72265625,462.010009765625,37.45000076293945,,35.345001220703125,2161.810791015625,81.74850463867188
2021-09-03,5.315000057220459,50025.375,461.260009765625,37.470001220703125,,35.709999084472656,2152.57470703125,81.51423645019531
2021-09-04,5.315000057220459,49944.625,461.260009765625,37.470001220703125,,35.709999084472656,2152.57470703125,81.51423645019531
2021-09-05,5.315000057220459,51753.41015625,461.260009765625,37.470001220703125,,35.709999084472656,2152.57470703125,81.51423645019531
2021-09-06,5.313000202178955,52633.53515625,462.67999267578125,37.779998779296875,,35.56999969482422,2169.30029296875,82.22624206542969
2021-09-07,5.301000118255615,46811.12890625,459.75,37.709999084472656,,35.04999923706055,2144.08740234375,81.90007781982422
2021-09-08,5.302999973297119,46091.390625,457.9700012207031,37.119998931884766,,34.962501525878906,2155.0712890625,81.64745330810547
2021-09-09,5.314000129699707,46391.421875,459.3599853515625,37.08000183105469,,34.95000076293945,2135.350341796875,81.17887878417969
2021-09-10,5.309999942779541,44883.91015625,456.30999755859375,37.15999984741211,,35.037498474121094,2105.8935546875,80.85731506347656
2021-09-11,5.309999942779541,45201.45703125,456.30999755859375,37.15999984741211,,35.037498474121094,2105.8935546875,80.85731506347656
2021-09-12,5.309999942779541,46063.26953125,456.30999755859375,37.15999984741211,,35.037498474121094,2105.8935546875,80.85731506347656
2021-09-13,5.313000202178955,44963.07421875,454.3299865722656,37.15999984741211,,35.029998779296875,2104.720703125,80.69195556640625
2021-09-14,5.317999839782715,47092.4921875,453.7900085449219,37.0,,35.22999954223633,2104.146728515625,80.59088897705078
2021-09-15,5.316999912261963,48176.34765625,453.3699951171875,36.650001525878906,,34.994998931884766,2101.15087890625,80.37040710449219
2021-09-16,5.309000015258789,47783.359375,453.1099853515625,36.439998626708984,,34.22249984741211,2106.892333984375,80.5531997680664
2021-09-17,5.318999767303467,47267.51953125,451.9599914550781,36.369998931884766,,34.220001220703125,2099.153564453125,80.38722229003906
2021-09-18,5.318999767303467,48278.36328125,451.9599914550781,36.369998931884766,,34.220001220703125,2099.153564453125,80.38722229003906
2021-09-19,5.318999767303467,47260.21875,451.9599914550781,36.369998931884766,,34.220001220703125,2099.153564453125,80.38722229003906
2021-09-20,5.309000015258789,42843.80078125,443.4700012207031,35.560001373291016,,34.38999938964844,2076.4365234375,79.38203430175781
2021-09-21,5.314000129699707,40693.67578125,445.2699890136719,35.689998626708984,,34.7599983215332,2098.904052734375,79.95378112792969
2021-09-22,5.309000015258789,43574.5078125,448.0299987792969,36.290000915527344,,34.6875,2106.892333984375,80.51631164550781
2021-09-23,5.293000221252441,44895.09765625,453.0299987792969,36.41999816894531,,34.11750030517578,2106.642578125,80.7284164428711
2021-09-24,5.2829999923706055,42839.75,452.19000244140625,36.08000183105469,,34.16999816894531,2087.17138671875,80.70076751708984
2021-09-25,5.2829999923706055,42716.59375,452.19000244140625,36.08000183105469,,34.16999816894531,2087.17138671875,80.70076751708984
2021-09-26,5.2829999923706055,43208.5390625,452.19000244140625,36.08000183105469,,34.16999816894531,2087.17138671875,80.70076751708984
2021-09-27,5.2769999504089355,42235.73046875,452.8500061035156,36.290000915527344,,34.185001373291016,2090.41650390625,80.64542388916016
2021-09-28,5.267000198364258,41034.54296875,444.1300048828125,35.790000915527344,,33.94499969482422,2074.689697265625,79.98145294189453
2021-09-29,5.269000053405762,41564.36328125,445.1400146484375,35.65999984741211,,33.79249954223633,2101.400146484375,80.71920776367188
2021-09-30,5.260000228881836,43790.89453125,442.6199951171875,35.959999084472656,,34.34000015258789,2078.933349609375,80.1658706665039
2021-10-01,5.265999794006348,48116.94140625,440.5199890136719,35.65999984741211,,34.3224983215332,2068.448486328125,79.36357879638672
2021-10-02,5.265999794006348,47711.48828125,440.5199890136719,35.65999984741211,,34.3224983215332,2068.448486328125,79.36357879638672
2021-10-03,5.265999794006348,48199.953125,440.5199890136719,35.65999984741211,,34.3224983215332,2068.448486328125,79.36357879638672
2021-10-04,5.26800012588501,49112.90234375,436.20001220703125,35.099998474121094,,34.42250061035156,2068.9482421875,78.275390625
2021-10-05,5.257999897003174,51514.8125,444.239990234375,35.59000015258789,,34.349998474121094,2062.45751953125,79.30825805664062
2021-10-06,5.25600004196167,55361.44921875,438.4100036621094,35.09000015258789,,34.314998626708984,2047.2301025390625,78.67193603515625
2021-10-07,5.249000072479248,53805.984375,450.57000732421875,36.029998779296875,,34.306251525878906,2091.165283203125,80.2212142944336
2021-10-08,5.23799991607666,53967.84765625,448.19000244140625,36.040000915527344,,34.282501220703125,2081.679443359375,79.93535614013672
2021-10-09,5.23799991607666,54968.22265625,448.19000244140625,36.040000915527344,,34.282501220703125,2081.679443359375,79.93535614013672
2021-10-10,5.23799991607666,54771.578125,448.19000244140625,36.040000915527344,,34.282501220703125,2081.679443359375,79.93535614013672
2021-10-11,5.230000019073486,57484.7890625,449.0799865722656,36.25,,34.307498931884766,2072.693115234375,80.21200561523438
2021-10-12,5.23199987411499,56041.05859375,443.6400146484375,35.90999984741211,,34.342498779296875,2091.664306640625,79.62181091308594
2021-10-13,5.243000030517578,57401.09765625,441.8599853515625,36.18000030517578,,34.96500015258789,2103.647216796875,79.39125061035156
2021-10-14,5.257999897003174,57321.5234375,450.7799987792969,36.349998474121094,,35.060001373291016,2120.3720703125,80.44255065917969
2021-10-15,5.252999782562256,61593.94921875,454.8900146484375,36.869998931884766,,34.5625,2128.61083984375,80.70996856689453
2021-10-16,5.252999782562256,60892.1796875,454.8900146484375,36.869998931884766,,34.5625,2128.61083984375,80.70996856689453
2021-10-17,5.252999782562256,61553.6171875,454.8900146484375,36.869998931884766,,34.5625,2128.61083984375,80.70996856689453
2021-10-18,5.24399995803833,62026.078125,456.3999938964844,36.779998779296875,,34.502498626708984,2128.36083984375,81.03275299072266
2021-10-19,5.236999988555908,64261.9921875,459.5899963378906,37.16999816894531,,34.540000915527344,2117.8759765625,81.15263366699219
2021-10-20,5.235000133514404,65992.8359375,461.8500061035156,37.209999084472656,,34.810001373291016,2123.866943359375,81.39241027832031
2021-10-21,5.22599983215332,62210.171875,461.1600036621094,36.790000915527344,,34.724998474121094,2129.60888671875,81.18029022216797
2021-10-22,5.228000164031982,60692.265625,461.75,36.75,,35.005001068115234,2143.58837890625,81.49384307861328
2021-10-23,5.228000164031982,61393.6171875,461.75,36.75,,35.005001068115234,2143.58837890625,81.49384307861328
2021-10-24,5.228000164031982,60930.8359375,461.75,36.75,,35.005001068115234,2143.58837890625,81.49384307861328
2021-10-25,5.234000205993652,63039.82421875,464.6199951171875,37.0,,35.275001525878906,2140.841796875,81.8534927368164
2021-10-26,5.236000061035156,60363.79296875,467.29998779296875,36.959999084472656,,34.869998931884766,2141.591064453125,82.18547821044922
2021-10-27,5.251999855041504,58482.38671875,466.0199890136719,36.650001525878906,,34.967498779296875,2156.568603515625,82.07481384277344
2021-10-28,5.255000114440918,60622.13671875,467.57000732421875,36.5,,35.16749954223633,2153.32373046875,81.87193298339844
2021-10-29,5.244999885559082,62227.96484375,468.2099914550781,36.099998474121094,,34.689998626708984,2158.06640625,82.33302307128906
2021-10-30,5.244999885559082,61888.83203125,468.2099914550781,36.099998474121094,,34.689998626708984,2158.06640625,82.33302307128906
2021-10-31,5.244999885559082,61318.95703125,468.2099914550781,36.099998474121094,,34.689998626708984,2158.06640625,82.33302307128906
2021-11-01,5.23799991607666,61004.40625,469.5299987792969,36.400001525878906,,34.967498779296875,2146.08447265625,82.9232177734375
2021-11-02,5.254000186920166,63226.40234375,471.80999755859375,36.08000183105469,,34.880001068115234,2167.552490234375,83.41199493408203
2021-11-03,5.247000217437744,62970.046875,471.4700012207031,36.099998474121094,,34.39250183105469,2173.04443359375,83.07078552246094
2021-11-04,5.263999938964844,61452.23046875,475.79998779296875,36.15999984741211,,34.97249984741211,2206.494873046875,84.57395935058594
2021-11-05,5.284999847412109,61125.67578125,479.69000244140625,36.22999954223633,,35.352500915527344,2213.984375,85.1549301147461
2021-11-06,5.284999847412109,61527.48046875,479.69000244140625,36.22999954223633,,35.352500915527344,2213.984375,85.1549301147461
2021-11-07,5.284999847412109,63326.98828125,479.69000244140625,36.22999954223633,,35.352500915527344,2213.984375,85.1549301147461
2021-11-08,5.2769999504089355,67566.828125,479.1700134277344,36.5,,35.567501068115234,2202.501708984375,84.84138488769531
2021-11-09,5.290999889373779,66971.828125,477.1199951171875,36.43000030517578,,35.61000061035156,2198.507080078125,84.59239959716797
2021-11-10,5.270999908447266,64995.23046875,476.95001220703125,36.529998779296875,,36.227500915527344,2210.23974609375,84.92436218261719
2021-11-11,5.26200008392334,64949.9609375,474.6700134277344,36.84000015258789,,36.3025016784668,2202.61181640625,85.31169891357422
2021-11-12,5.256999969482422,64155.94140625,477.0799865722656,36.97999954223633,,36.317501068115234,2204.608642578125,85.5514907836914
2021-11-13,5.256999969482422,64469.52734375,477.0799865722656,36.97999954223633,,36.317501068115234,2204.608642578125,85.5514907836914
2021-11-14,5.256999969482422,65466.83984375,477.0799865722656,36.97999954223633,,36.317501068115234,2204.608642578125,85.5514907836914
2021-11-15,5.252999782562256,63557.87109375,477.92999267578125,36.939998626708984,,36.36249923706055,2214.84375,85.54225158691406
2021-11-16,5.248000144958496,60161.24609375,479.9599914550781,36.90999984741211,,36.20249938964844,2210.600341796875,85.7635726928711
2021-11-17,5.247000217437744,60368.01171875,478.489990234375,36.75,,36.35499954223633,2177.147705078125,85.13648986816406
2021-11-18,5.256999969482422,56942.13671875,478.8699951171875,36.34000015258789,,36.29999923706055,2205.607177734375,84.93360137939453
2021-11-19,5.264999866485596,58119.578125,480.1000061035156,36.369998931884766,,36.22249984741211,2204.109375,85.02582550048828
2021-11-20,5.264999866485596,59697.1953125,480.1000061035156,36.369998931884766,,36.22249984741211,2204.109375,85.02582550048828
2021-11-21,5.264999866485596,58730.4765625,480.1000061035156,36.369998931884766,,36.22249984741211,2204.109375,85.02582550048828
2021-11-22,5.256999969482422,56289.2890625,482.4700012207031,36.11000061035156,,35.40999984741211,2207.105224609375,85.35780334472656
2021-11-23,5.236999988555908,57569.07421875,476.1700134277344,35.880001068115234,,34.807498931884766,2204.608642578125,84.61084747314453
2021-11-24,5.234000205993652,56280.42578125,478.1600036621094,35.81999969482422,,34.90999984741211,2223.830810546875,85.05349731445312
2021-11-25,5.236999988555908,57274.6796875,480.05999755859375,35.959999084472656,,34.90250015258789,2240.30712890625,85.43158721923828
2021-11-26,5.26800012588501,53569.765625,468.6499938964844,34.560001373291016,,35.00749969482422,2171.40576171875,83.13533020019531
2021-11-27,5.26800012588501,54815.078125,468.6499938964844,34.560001373291016,,35.00749969482422,2171.40576171875,83.13533020019531
2021-11-28,5.26800012588501,57248.45703125,468.6499938964844,34.560001373291016,,35.00749969482422,2171.40576171875,83.13533020019531
2021-11-29,5.26800012588501,57806.56640625,473.3900146484375,34.83000183105469,,34.817501068115234,2178.645751953125,83.8362045288086
2021-11-30,5.2769999504089355,57005.42578125,467.739990234375,34.61000061035156,,34.60749816894531,2171.40576171875,83.3751220703125
2021-12-01,5.264999866485596,57229.828125,474.1600036621094,35.630001068115234,,34.817501068115234,2181.39208984375,84.25119018554688
2021-12-02,5.2829999923706055,56477.81640625,464.55999755859375,35.439998626708984,,34.477500915527344,2156.676513671875,82.87713623046875
2021-12-03,5.283999919891357,53598.24609375,463.25,34.93000030517578,,34.64500045776367,2167.411376953125,82.9509048461914
2021-12-04,5.283999919891357,49200.703125,463.25,34.93000030517578,,34.64500045776367,2167.411376953125,82.9509048461914
2021-12-05,5.283999919891357,49368.84765625,463.25,34.93000030517578,,34.64500045776367,2167.411376953125,82.9509048461914
2021-12-06,5.2820000648498535,50582.625,467.6099853515625,35.04999923706055,,34.73249816894531,2208.35302734375,83.56877899169922
2021-12-07,5.2779998779296875,50700.0859375,478.2099914550781,35.689998626708984,,34.8224983215332,2225.57861328125,85.5883560180664
2021-12-08,5.261000156402588,50504.796875,477.4700012207031,35.86000061035156,,34.91999816894531,2230.32177734375,85.5514907836914
2021-12-09,5.2789998054504395,47672.12109375,478.45001220703125,35.75,,34.65250015258789,2225.079345703125,85.7728042602539
2021-12-10,5.2789998054504395,47243.3046875,477.739990234375,35.61000061035156,,34.82749938964844,2214.09521484375,85.27481842041016
2021-12-11,5.2789998054504395,49362.5078125,477.739990234375,35.61000061035156,,34.82749938964844,2214.09521484375,85.27481842041016
2021-12-12,5.2789998054504395,50098.3359375,477.739990234375,35.61000061035156,,34.82749938964844,2214.09521484375,85.27481842041016
2021-12-13,5.288000106811523,46737.48046875,476.9800109863281,35.16999816894531,,34.88999938964844,2204.8583984375,84.89669799804688
2021-12-14,5.28000020980835,46612.6328125,471.30999755859375,34.97999954223633,,34.57749938964844,2197.119384765625,83.99297332763672
2021-12-15,5.2779998779296875,48896.72265625,470.9200134277344,34.63999938964844,,34.459999084472656,2197.119384765625,83.9837646484375
2021-12-16,5.2769999504089355,47665.42578125,480.1400146484375,35.13999938964844,,35.067501068115234,2207.105224609375,84.8138427734375
2021-12-17,5.283999919891357,46202.14453125,473.8800048828125,34.91999816894531,,35.182498931884766,2218.588623046875,84.35099792480469
2021-12-18,5.283999919891357,46848.77734375,473.8800048828125,34.91999816894531,,35.182498931884766,2218.588623046875,84.35099792480469
2021-12-19,5.283999919891357,46707.015625,473.8800048828125,34.91999816894531,,35.182498931884766,2218.588623046875,84.35099792480469
2021-12-20,5.2820000648498535,46880.27734375,462.7799987792969,34.16999816894531,,34.98749923706055,2179.893310546875,82.89762878417969
2021-12-21,5.257999897003174,48936.61328125,469.8999938964844,34.810001373291016,,34.82749938964844,2209.6015625,83.91590881347656
2021-12-22,5.252999782562256,48628.51171875,478.0899963378906,34.9900016784668,,35.064998626708984,2201.61279296875,84.51763153076172
2021-12-23,5.25600004196167,50784.5390625,482.7799987792969,35.279998779296875,,35.252498626708984,2203.1103515625,84.878662109375
2021-12-24,5.25600004196167,50822.1953125,482.8599853515625,35.150001525878906,,35.32500076293945,2203.1103515625,84.86015319824219
2021-12-25,5.25600004196167,50429.859375,482.8599853515625,35.150001525878906,,35.32500076293945,2203.1103515625,84.86015319824219
2021-12-26,5.25600004196167,50809.515625,482.8599853515625,35.150001525878906,,35.32500076293945,2203.1103515625,84.86015319824219
2021-12-27,5.265999794006348,50640.41796875,482.8599853515625,35.150001525878906,,35.32500076293945,2203.1103515625,84.86015319824219
2021-12-28,5.264999866485596,47588.85546875,,,,,,
2021-12-29,5.25,46444.7109375,488.30999755859375,35.189998626708984,,35.1875,2227.076416015625,85.091552734375
2021-12-30,5.236999988555908,47178.125,490.260009765625,35.54999923706055,,35.36000061035156,2246.049560546875,85.29524230957031
2021-12-31,5.236999988555908,46306.4453125,487.3299865722656,35.654998779296875,,35.477500915527344,2236.31298828125,85.03601837158203
2022-01-01,5.236999988555908,47686.8125,487.3299865722656,35.654998779296875,,35.477500915527344,2236.31298828125,85.03601837158203
2022-01-02,5.236999988555908,47345.21875,487.3299865722656,35.654998779296875,,35.477500915527344,2236.31298828125,85.03601837158203
2022-01-03,5.235000133514404,46458.1171875,487.3299865722656,35.654998779296875,,35.477500915527344,2236.31298828125,85.03601837158203
2022-01-04,5.2210001945495605,45897.57421875,489.19000244140625,35.61000061035156,,35.34000015258789,2250.293701171875,85.04528045654297
2022-01-05,5.2170000076293945,43569.00390625,488.7099914550781,35.5099983215332,,35.557498931884766,2233.567138671875,84.84162902832031
2022-01-06,5.201000213623047,43160.9296875,480.19000244140625,35.220001220703125,,34.932498931884766,2207.354736328125,83.6289291381836
2022-01-07,5.189000129699707,41557.90234375,477.8800048828125,35.40999984741211,,34.935001373291016,2199.6162109375,83.2586669921875
2022-01-08,5.189000129699707,41733.94140625,477.8800048828125,35.40999984741211,,34.935001373291016,2199.6162109375,83.2586669921875
2022-01-09,5.189000129699707,41911.6015625,477.8800048828125,35.40999984741211,,34.935001373291016,2199.6162109375,83.2586669921875
2022-01-10,5.184000015258789,41821.26171875,470.80999755859375,35.400001525878906,,35.00749969482422,2172.653564453125,82.194091796875
2022-01-11,5.188000202178955,42735.85546875,477.8999938964844,36.119998931884766,,35.41749954223633,2169.1591796875,83.2586669921875
2022-01-12,5.190000057220459,43949.1015625,482.510009765625,36.63999938964844,,35.560001373291016,2179.144775390625,83.6289291381836
2022-01-13,5.199999809265137,42591.5703125,482.5,36.58000183105469,,35.432498931884766,2184.13818359375,83.44380950927734
2022-01-14,5.190000057220459,43099.69921875,473.55999755859375,36.25,,35.477500915527344,2159.672607421875,82.4718017578125
2022-01-15,5.190000057220459,43177.3984375,473.55999755859375,36.25,,35.477500915527344,2159.672607421875,82.4718017578125
2022-01-16,5.190000057220459,43113.87890625,473.55999755859375,36.25,,35.477500915527344,2159.672607421875,82.4718017578125
2022-01-17,5.178999900817871,42250.55078125,476.6400146484375,36.25,,35.470001220703125,2171.655517578125,83.06425476074219
2022-01-18,5.172999858856201,42375.6328125,468.1000061035156,35.779998779296875,,35.337501525878906,2161.6689453125,82.12002563476562
2022-01-19,5.171999931335449,41744.328125,466.5199890136719,35.939998626708984,,35.88999938964844,2152.93212890625,81.66642761230469
2022-01-20,5.171999931335449,40680.41796875,469.44000244140625,36.56999969482422,,35.8849983215332,2140.44970703125,82.24964141845703
2022-01-21,5.185999870300293,36457.31640625,457.8800048828125,35.880001068115234,,35.787498474121094,2125.221923828125,80.95361328125
2022-01-22,5.185999870300293,35030.25,457.8800048828125,35.880001068115234,,35.787498474121094,2125.221923828125,80.95361328125
2022-01-23,5.185999870300293,36276.8046875,457.8800048828125,35.880001068115234,,35.787498474121094,2125.221923828125,80.95361328125
2022-01-24,5.186999797821045,36654.328125,437.95001220703125,34.529998779296875,,35.76499938964844,2079.536376953125,78.23202514648438
2022-01-25,5.184999942779541,36954.00390625,441.9100036621094,34.689998626708984,,36.029998779296875,2091.0205078125,78.52825164794922
2022-01-26,5.179999828338623,36852.12109375,451.7900085449219,34.959999084472656,,35.744998931884766,2128.966552734375,79.87979888916016
2022-01-27,5.165999889373779,37138.234375,450.010009765625,34.52000045776367,,34.96500015258789,2121.976318359375,79.93535614013672
2022-01-28,5.166999816894531,37784.33203125,445.7699890136719,34.150001525878906,,34.83000183105469,2080.28564453125,79.1114501953125
2022-01-29,5.166999816894531,38138.1796875,445.7699890136719,34.150001525878906,,34.83000183105469,2080.28564453125,79.1114501953125
2022-01-30,5.166999816894531,37917.6015625,445.7699890136719,34.150001525878906,,34.83000183105469,2080.28564453125,79.1114501953125
2022-01-31,5.156000137329102,38483.125,456.1400146484375,35.06999969482422,,35.01250076293945,2122.4755859375,80.88880920410156
2022-02-01,5.1519999504089355,38743.2734375,461.4700012207031,35.54999923706055,,35.252498626708984,2120.9775390625,81.30541229248047
2022-02-02,5.160999774932861,36952.984375,465.1499938964844,35.40999984741211,,35.25749969482422,2141.198974609375,81.42574310302734
2022-02-03,5.132999897003174,37154.6015625,462.3399963378906,35.29999923706055,,35.227500915527344,2124.72216796875,80.6296157836914
2022-02-04,5.111999988555908,41500.875,457.69000244140625,35.220001220703125,,35.20750045776367,2090.520751953125,80.37967681884766
2022-02-05,5.111999988555908,41441.1640625,457.69000244140625,35.220001220703125,,35.20750045776367,2090.520751953125,80.37967681884766
2022-02-06,5.111999988555908,42412.43359375,457.69000244140625,35.220001220703125,,35.20750045776367,2090.520751953125,80.37967681884766
2022-02-07,5.104000091552734,43840.28515625,459.67999267578125,35.279998779296875,,35.45500183105469,2099.258544921875,80.85179138183594
2022-02-08,5.098999977111816,44118.4453125,460.7799987792969,35.5099983215332,,35.59749984741211,2085.77783203125,80.9721450805664
2022-02-09,5.104000091552734,44338.796875,467.6099853515625,36.060001373291016,,35.70750045776367,2109.993408203125,82.26815032958984
2022-02-10,5.077000141143799,43565.11328125,465.489990234375,36.220001220703125,,35.869998931884766,2110.242919921875,81.70345306396484
2022-02-11,5.067999839782715,42407.9375,458.9100036621094,35.86000061035156,,35.775001525878906,2080.40576171875,80.81477355957031
2022-02-12,5.067999839782715,42244.46875,458.9100036621094,35.86000061035156,,35.775001525878906,2080.40576171875,80.81477355957031
2022-02-13,5.067999839782715,42197.515625,458.9100036621094,35.86000061035156,,35.775001525878906,2080.40576171875,80.81477355957031
2022-02-14,5.063000202178955,42586.91796875,450.7099914550781,35.150001525878906,,36.29999923706055,2056.688232421875,79.8335189819336
2022-02-15,5.060999870300293,44575.203125,456.6199951171875,35.720001220703125,,36.087501525878906,2069.670654296875,80.81477355957031
2022-02-16,5.060999870300293,43961.859375,454.1400146484375,35.88999938964844,,36.380001068115234,2076.1611328125,80.37967681884766
2022-02-17,5.078000068664551,40538.01171875,452.30999755859375,35.90999984741211,,36.959999084472656,2068.421630859375,79.78724670410156
2022-02-18,5.078999996185303,40030.9765625,445.510009765625,35.34000015258789,,36.92250061035156,2063.17919921875,78.83374786376953
2022-02-19,5.078999996185303,40122.15625,445.510009765625,35.34000015258789,,36.92250061035156,2063.17919921875,78.83374786376953
2022-02-20,5.078999996185303,38431.37890625,445.510009765625,35.34000015258789,,36.92250061035156,2063.17919921875,78.83374786376953
2022-02-21,5.083000183105469,37075.28125,440.5,35.09000015258789,,36.98500061035156,2044.2052001953125,77.90804290771484
2022-02-22,5.070000171661377,38286.02734375,442.4800109863281,34.869998931884766,,37.095001220703125,2052.44384765625,78.14871978759766
2022-02-23,5.066999912261963,37296.5703125,437.760009765625,34.689998626708984,,37.20249938964844,2048.199951171875,77.69512176513672
2022-02-24,5.066999912261963,38332.609375,428.30999755859375,32.9900016784668,,37.4900016784668,2028.7265625,76.60277557373047
2022-02-25,5.064000129699707,39214.21875,446.239990234375,34.099998474121094,,36.77000045776367,2086.89697265625,79.26881408691406
2022-02-26,5.064000129699707,39105.1484375,446.239990234375,34.099998474121094,,36.77000045776367,2086.89697265625,79.26881408691406
2022-02-27,5.064000129699707,37709.78515625,446.239990234375,34.099998474121094,,36.77000045776367,2086.89697265625,79.26881408691406
2022-02-28,5.085000038146973,43193.234375,448.17999267578125,33.88999938964844,,37.07749938964844,2098.131591796875,79.38916778564453
2022-03-01,5.136000156402588,44354.63671875,442.0,33.630001068115234,,37.66749954223633,2077.909423828125,78.55604553222656
2022-03-02,5.11899995803833,43924.1171875,448.3999938964844,33.709999084472656,,37.39500045776367,2098.88037109375,79.20403289794922
2022-03-03,5.085000038146973,42451.7890625,446.4599914550781,33.22999954223633,,37.61000061035156,2090.142578125,78.65786743164062
2022-03-04,5.113999843597412,39137.60546875,439.2099914550781,32.290000915527344,,38.20249938964844,2102.874755859375,77.6025390625
2022-03-05,5.113999843597412,39400.5859375,439.2099914550781,32.290000915527344,,38.20249938964844,2102.874755859375,77.6025390625
2022-03-06,5.113999843597412,38419.984375,439.2099914550781,32.290000915527344,,38.20249938964844,2102.874755859375,77.6025390625
2022-03-07,5.091000080108643,38062.0390625,435.6600036621094,31.670000076293945,,38.5525016784668,2117.6044921875,77.2600326538086
2022-03-08,5.083000183105469,38737.26953125,426.42999267578125,31.209999084472656,,40.1875,2098.88037109375,76.02882385253906
2022-03-09,5.050000190734863,41982.92578125,436.9700012207031,32.16999816894531,,38.98749923706055,2131.086181640625,78.1116943359375
2022-03-10,5.017000198364258,39437.4609375,431.1499938964844,31.549999237060547,,38.84000015258789,2118.35400390625,77.27854919433594
2022-03-11,5.025000095367432,38794.97265625,434.6499938964844,31.280000686645508,,38.70750045776367,2148.06298828125,77.79694366455078
2022-03-12,5.025000095367432,38904.01171875,434.6499938964844,31.280000686645508,,38.70750045776367,2148.06298828125,77.79694366455078
2022-03-13,5.025000095367432,37849.6640625,434.6499938964844,31.280000686645508,,38.70750045776367,2148.06298828125,77.79694366455078
2022-03-14,4.993000030517578,39666.75390625,429.92999267578125,30.670000076293945,,38.162498474121094,2134.831298828125,77.26929473876953
2022-03-15,5.002999782562256,39338.78515625,434.44000244140625,30.329999923706055,,37.560001373291016,2126.59228515625,77.6766128540039
2022-03-16,4.99399995803833,41143.9296875,443.55999755859375,32.220001220703125,,37.19499969482422,2145.067138671875,79.52803039550781
2022-03-17,4.997499942779541,40951.37890625,448.2300109863281,32.459999084472656,,37.89500045776367,2167.536376953125,80.17681884765625
2022-03-18,5.01200008392334,41801.15625,453.6400146484375,33.029998779296875,,37.584999084472656,2168.535400390625,80.99380493164062
2022-03-19,5.01200008392334,42190.65234375,453.6400146484375,33.029998779296875,,37.584999084472656,2168.535400390625,80.99380493164062
2022-03-20,5.01200008392334,41247.82421875,453.6400146484375,33.029998779296875,,37.584999084472656,2168.535400390625,80.99380493164062
2022-03-21,4.980000019073486,41077.99609375,456.29998779296875,32.47999954223633,,37.6775016784668,2167.785888671875,80.9752426147461
2022-03-22,4.960999965667725,42358.80859375,460.7200012207031,33.11000061035156,,37.462501525878906,2163.04296875,81.4951400756836
2022-03-23,4.971499919891357,42892.95703125,459.3900146484375,33.15999984741211,,37.69499969482422,2146.815185546875,81.4951400756836
2022-03-24,4.96750020980835,43960.93359375,459.2300109863281,33.040000915527344,,38.279998779296875,2147.314697265625,81.55084228515625
2022-03-25,4.944499969482422,44348.73046875,462.4800109863281,32.779998779296875,,38.1349983215332,2173.02880859375,81.78295135498047
2022-03-26,4.944499969482422,44500.828125,462.4800109863281,32.779998779296875,,38.1349983215332,2173.02880859375,81.78295135498047
2022-03-27,4.944499969482422,46820.4921875,462.4800109863281,32.779998779296875,,38.1349983215332,2173.02880859375,81.78295135498047
2022-03-28,4.946499824523926,47128.00390625,463.9800109863281,32.77000045776367,,37.73500061035156,2199.4931640625,82.46996307373047
2022-03-29,4.945499897003174,47465.73046875,472.2099914550781,33.5099983215332,,37.29499816894531,2232.198486328125,83.81613159179688
2022-03-30,4.959000110626221,47062.6640625,472.0799865722656,33.619998931884766,,37.72999954223633,2234.4453125,83.76042938232422
2022-03-31,4.98199987411499,45538.67578125,470.1700134277344,33.16999816894531,,37.897499084472656,2230.450439453125,83.24981689453125
2022-04-01,4.956999778747559,46281.64453125,463.67999267578125,33.40999984741211,,37.58250045776367,2231.19970703125,82.84131622314453
2022-04-02,4.956999778747559,45868.94921875,463.67999267578125,33.40999984741211,,37.58250045776367,2231.19970703125,82.84131622314453
2022-04-03,4.956999778747559,46453.56640625,463.67999267578125,33.40999984741211,,37.58250045776367,2231.19970703125,82.84131622314453
2022-04-04,4.9679999351501465,46622.67578125,467.54998779296875,34.08000183105469,,37.665000915527344,2230.450439453125,83.4819107055664
2022-04-05,4.938499927520752,45555.9921875,467.4200134277344,33.61000061035156,,37.560001373291016,2230.450439453125,83.16625213623047
2022-04-06,4.91949987411499,43206.73828125,457.2900085449219,33.08000183105469,,37.5724983215332,2218.716552734375,81.77365112304688
2022-04-07,4.918499946594238,43503.84765625,456.6400146484375,32.720001220703125,,37.654998779296875,2204.985595703125,81.55084228515625
2022-04-08,4.899499893188477,42287.6640625,461.92999267578125,32.970001220703125,,37.915000915527344,2225.457275390625,82.6834945678711
2022-04-09,4.899499893188477,42782.13671875,461.92999267578125,32.970001220703125,,37.915000915527344,2225.457275390625,82.6834945678711
2022-04-10,4.899499893188477,42207.671875,461.92999267578125,32.970001220703125,,37.915000915527344,2225.457275390625,82.6834945678711
2022-04-11,4.883999824523926,39521.90234375,454.6600036621094,32.599998474121094,,38.07500076293945,2207.981201171875,81.43013763427734
2022-04-12,4.890500068664551,40127.18359375,456.7099914550781,32.689998626708984,,38.470001220703125,2209.229248046875,81.66224670410156
2022-04-13,4.8979997634887695,41166.73046875,453.7300109863281,32.79999923706055,,38.56999969482422,2197.24609375,81.25372314453125
2022-04-14,4.871500015258789,39935.515625,453.8800048828125,32.5099983215332,,38.30500030517578,2206.233642578125,81.17947387695312
2022-04-15,4.871500015258789,40553.46484375,453.8800048828125,32.5099983215332,,38.30500030517578,2206.233642578125,81.17947387695312
2022-04-16,4.871500015258789,40424.484375,453.8800048828125,32.5099983215332,,38.30500030517578,2206.233642578125,81.17947387695312
2022-04-17,4.871500015258789,39716.953125,453.8800048828125,32.5099983215332,,38.30500030517578,2206.233642578125,81.17947387695312
2022-04-18,,40826.21484375,,,,,,
2022-04-19,4.843500137329102,41502.75,455.67999267578125,32.099998474121094,,38.10749816894531,2212.974365234375,81.39300537109375
2022-04-20,4.854499816894531,41374.37890625,457.92999267578125,32.06999969482422,,38.084999084472656,2226.206298828125,81.61582946777344
2022-04-21,4.8354997634887695,40527.36328125,458.5299987792969,31.709999084472656,,37.837501525878906,2238.939208984375,81.56011962890625
2022-04-22,4.829500198364258,39740.3203125,444.0,31.420000076293945,,37.657501220703125,2235.693603515625,80.65956115722656
2022-04-23,4.829500198364258,39486.73046875,444.0,31.420000076293945,,37.657501220703125,2235.693603515625,80.65956115722656
2022-04-24,4.829500198364258,39469.29296875,444.0,31.420000076293945,,37.657501220703125,2235.693603515625,80.65956115722656
2022-04-25,4.85699987411499,40458.30859375,432.5400085449219,30.6200008392334,,36.932498931884766,2213.22412109375,79.52692413330078
2022-04-26,4.864500045776367,38117.4609375,432.29998779296875,30.420000076293945,,37.102500915527344,2240.4365234375,79.66619110107422
2022-04-27,4.858500003814697,39241.12109375,432.0799865722656,30.459999084472656,,36.727500915527344,2240.4365234375,80.2510757446289
2022-04-28,4.8379998207092285,39773.828125,432.7900085449219,30.6200008392334,,36.82749938964844,2233.4462890625,81.00308990478516
2022-04-29,4.832499980926514,38609.82421875,433.010009765625,31.420000076293945,,37.17250061035156,2207.731689453125,80.84525299072266
2022-04-30,4.832499980926514,37714.875,433.010009765625,31.420000076293945,,37.17250061035156,2207.731689453125,80.84525299072266
2022-05-01,4.832499980926514,38469.09375,433.010009765625,31.420000076293945,,37.17250061035156,2207.731689453125,80.84525299072266
2022-05-02,4.811999797821045,38529.328125,433.010009765625,31.420000076293945,,37.17250061035156,2207.731689453125,80.84525299072266
2022-05-03,4.823500156402588,37750.453125,429.6000061035156,31.149999618530273,,36.52750015258789,2158.298828125,80.473876953125
2022-05-04,4.809500217437744,39698.37109375,425.45001220703125,30.739999771118164,,36.39500045776367,2142.820068359375,79.70333099365234
2022-05-05,4.7829999923706055,36575.140625,426.4200134277344,30.270000457763672,,36.689998626708984,2164.290771484375,80.46461486816406
2022-05-06,4.786499977111816,36040.921875,423.0899963378906,30.1200008392334,,36.83250045776367,2135.830078125,79.73116302490234
2022-05-07,4.786499977111816,35501.953125,423.0899963378906,30.1200008392334,,36.83250045776367,2135.830078125,79.73116302490234
2022-05-08,4.786499977111816,34059.265625,423.0899963378906,30.1200008392334,,36.83250045776367,2135.830078125,79.73116302490234
2022-05-09,4.7829999923706055,30296.953125,411.6300048828125,29.200000762939453,,36.23749923706055,2077.909423828125,77.66082763671875
2022-05-10,4.80649995803833,31022.90625,407.70001220703125,29.049999237060547,,35.962501525878906,2048.449951171875,77.33589935302734
2022-05-11,4.80049991607666,28936.35546875,413.1300048828125,29.459999084472656,,36.130001068115234,2074.9130859375,78.2364501953125
2022-05-12,4.829500198364258,29047.751953125,402.6300048828125,28.899999618530273,,35.79999923706055,2053.360107421875,77.1780776977539
2022-05-13,4.820499897003174,29283.103515625,412.3699951171875,29.489999771118164,,35.32500076293945,2085.568603515625,78.91417694091797
2022-05-14,4.820499897003174,30101.265625,412.3699951171875,29.489999771118164,,35.32500076293945,2085.568603515625,78.91417694091797
2022-05-15,4.820499897003174,31305.11328125,412.3699951171875,29.489999771118164,,35.32500076293945,2085.568603515625,78.91417694091797
2022-05-16,4.826499938964844,29862.91796875,410.0400085449219,29.43000030517578,,35.3224983215332,2096.80419921875,78.52425384521484
2022-05-17,4.802499771118164,30425.857421875,416.7200012207031,30.110000610351562,,35.537498474121094,2080.07568359375,78.46852111816406
2022-05-18,4.802999973297119,28720.271484375,408.1700134277344,29.829999923706055,,35.4474983215332,2079.32666015625,77.5772705078125
2022-05-19,4.823500156402588,30314.333984375,401.70001220703125,29.889999389648438,,36.025001525878906,2035.133544921875,76.2496566772461
2022-05-20,4.817500114440918,29200.740234375,397.4200134277344,30.010000228881836,,35.94499969482422,2034.8837890625,76.11968994140625
2022-05-21,4.817500114440918,29432.2265625,397.4200134277344,30.010000228881836,,35.94499969482422,2034.8837890625,76.11968994140625
2022-05-22,4.817500114440918,30323.72265625,397.4200134277344,30.010000228881836,,35.94499969482422,2034.8837890625,76.11968994140625
2022-05-23,4.811500072479248,29098.91015625,407.5199890136719,30.360000610351562,,36.119998931884766,2051.36328125,77.1966323852539
2022-05-24,4.831999778747559,29655.5859375,398.6499938964844,29.6200008392334,,36.41749954223633,2029.3907470703125,76.0732650756836
2022-05-25,4.8379998207092285,29562.361328125,405.6099853515625,29.799999237060547,,36.04750061035156,2059.6025390625,76.81598663330078
2022-05-26,4.835999965667725,29267.224609375,414.8599853515625,30.260000228881836,,35.997501373291016,2074.083251953125,78.05076599121094
2022-05-27,4.84250020980835,28627.57421875,423.1600036621094,30.709999084472656,,36.14500045776367,2095.056396484375,79.18339538574219
2022-05-28,4.84250020980835,28814.900390625,423.1600036621094,30.709999084472656,,36.14500045776367,2095.056396484375,79.18339538574219
2022-05-29,4.84250020980835,29445.95703125,423.1600036621094,30.709999084472656,,36.14500045776367,2095.056396484375,79.18339538574219
2022-05-30,4.83050012588501,31726.390625,429.2900085449219,31.290000915527344,,36.20000076293945,2099.80029296875,79.97254943847656
2022-05-31,4.815999984741211,31792.310546875,422.8299865722656,31.290000915527344,,35.89250183105469,2078.577880859375,79.26695251464844
2022-06-01,4.795499801635742,29799.080078125,419.6600036621094,30.979999542236328,,35.9275016784668,2071.08740234375,79.37837982177734
2022-06-02,4.796500205993652,30467.48828125,419.6600036621094,30.979999542236328,,35.9275016784668,2071.08740234375,79.37837982177734
2022-06-03,4.7895002365112305,29704.390625,419.6600036621094,30.979999542236328,,35.9275016784668,2071.08740234375,79.37837982177734
2022-06-04,4.7895002365112305,29832.9140625,419.6600036621094,30.979999542236328,,35.9275016784668,2071.08740234375,79.37837982177734
2022-06-05,4.7895002365112305,29906.662109375,,,,,,
2022-06-06,4.766499996185303,31370.671875,424.29998779296875,31.280000686645508,,35.942501068115234,2072.086181640625,79.9447021484375
2022-06-07,4.784999847412109,31155.478515625,422.79998779296875,31.100000381469727,,36.07500076293945,2051.113525390625,79.38764953613281
2022-06-08,4.771999835968018,30214.35546875,426.5199890136719,31.510000228881836,,36.22624969482422,2055.856689453125,80.1396484375
2022-06-09,4.753499984741211,30111.998046875,420.010009765625,30.959999084472656,,35.92499923706055,2024.3974609375,78.98845672607422
2022-06-10,4.715000152587891,29083.8046875,400.94000244140625,30.309999465942383,,36.35499954223633,2002.1761474609375,77.1780776977539
2022-06-11,4.715000152587891,28360.810546875,400.94000244140625,30.309999465942383,,36.35499954223633,2002.1761474609375,77.1780776977539
2022-06-12,4.715000152587891,26762.6484375,400.94000244140625,30.309999465942383,,36.35499954223633,2002.1761474609375,77.1780776977539
2022-06-13,4.668499946594238,22487.388671875,387.8599853515625,29.290000915527344,,35.59749984741211,1952.2401123046875,75.58123016357422
2022-06-14,4.644499778747559,22206.79296875,384.7799987792969,29.649999618530273,,35.352500915527344,1950.2427978515625,76.04542541503906
2022-06-15,4.65749979019165,22572.83984375,386.8999938964844,29.760000228881836,,35.49250030517578,1957.7332763671875,76.16610717773438
2022-06-16,4.671000003814697,20381.650390625,377.1499938964844,29.010000228881836,,35.95500183105469,1900.806396484375,73.02333068847656
2022-06-17,4.689000129699707,20471.482421875,377.45001220703125,29.18000030517578,,35.9474983215332,1929.519287109375,73.67868041992188
2022-06-18,4.689000129699707,19017.642578125,377.45001220703125,29.18000030517578,,35.9474983215332,1929.519287109375,73.67868041992188
2022-06-19,4.689000129699707,20553.271484375,377.45001220703125,29.18000030517578,,35.9474983215332,1929.519287109375,73.67868041992188
2022-06-20,4.6595001220703125,20599.537109375,381.0899963378906,29.25,,35.8224983215332,1938.7574462890625,73.99232482910156
2022-06-21,4.670000076293945,20710.59765625,386.9599914550781,29.68000030517578,,35.86750030517578,1950.7421875,74.91447448730469
2022-06-22,4.680500030517578,19987.029296875,388.92999267578125,29.190000534057617,,35.872501373291016,1943.7510986328125,74.8021240234375
2022-06-23,4.724999904632568,21085.876953125,387.8999938964844,29.110000610351562,,35.752498626708984,1959.2313232421875,74.57744598388672
2022-06-24,4.7170000076293945,21231.65625,398.6700134277344,29.65999984741211,,35.67499923706055,1986.4461669921875,76.4123764038086
2022-06-25,4.7170000076293945,21502.337890625,398.6700134277344,29.65999984741211,,35.67499923706055,1986.4461669921875,76.4123764038086
2022-06-26,4.7170000076293945,21027.294921875,398.6700134277344,29.65999984741211,,35.67499923706055,1986.4461669921875,76.4123764038086
2022-06-27,4.692500114440918,20735.478515625,402.3800048828125,29.899999618530273,,35.50749969482422,2006.170654296875,76.92728424072266
2022-06-28,4.680500030517578,20280.634765625,398.1000061035156,29.81999969482422,,35.49250030517578,2026.1453857421875,77.07709503173828
2022-06-29,4.706999778747559,20104.0234375,392.19000244140625,29.450000762939453,,35.407501220703125,1996.9327392578125,76.44984436035156
2022-06-30,4.732999801635742,19784.7265625,388.4800109863281,29.15999984741211,,35.2400016784668,1977.2080078125,75.41064453125
2022-07-01,4.759500026702881,19269.3671875,388.82000732421875,29.030000686645508,,35.20249938964844,2006.4205322265625,76.09407806396484
2022-07-02,4.759500026702881,19242.255859375,388.82000732421875,29.030000686645508,,35.20249938964844,2006.4205322265625,76.09407806396484
2022-07-03,4.759500026702881,19297.076171875,388.82000732421875,29.030000686645508,,35.20249938964844,2006.4205322265625,76.09407806396484
2022-07-04,4.739999771118164,20231.26171875,391.510009765625,29.040000915527344,,35.209999084472656,1997.431884765625,76.16897583007812
2022-07-05,4.77400016784668,20190.115234375,385.55999755859375,28.479999542236328,,34.3849983215332,1992.1888427734375,76.00045013427734
2022-07-06,4.763000011444092,20548.24609375,392.0299987792969,28.530000686645508,,33.90250015258789,2027.8927001953125,76.90856170654297
2022-07-07,4.744999885559082,21637.587890625,399.3500061035156,29.31999969482422,,33.942501068115234,2028.6422119140625,77.75113677978516
2022-07-08,4.726500034332275,21731.1171875,402.5,29.389999389648438,,34.01250076293945,2015.6585693359375,78.06945037841797
2022-07-09,4.726500034332275,21592.20703125,402.5,29.389999389648438,,34.01250076293945,2015.6585693359375,78.06945037841797
2022-07-10,4.726500034332275,20860.44921875,402.5,29.389999389648438,,34.01250076293945,2015.6585693359375,78.06945037841797
2022-07-11,4.743000030517578,19970.556640625,396.739990234375,28.540000915527344,,33.877498626708984,2015.6585693359375,77.72305297851562
2022-07-12,4.766499996185303,19323.9140625,396.8299865722656,28.520000457763672,,33.78499984741211,2023.39892578125,77.6013412475586
2022-07-13,4.761000156402588,20212.07421875,390.45001220703125,28.31999969482422,,33.90250015258789,2002.67529296875,76.5996322631836
2022-07-14,4.755499839782715,20569.919921875,385.260009765625,27.979999542236328,,33.272499084472656,1996.9327392578125,76.13152313232422
2022-07-15,4.771999835968018,20836.328125,396.239990234375,28.209999084472656,,33.24250030517578,2021.1514892578125,77.54517364501953
2022-07-16,4.771999835968018,21190.31640625,396.239990234375,28.209999084472656,,33.24250030517578,2021.1514892578125,77.54517364501953
2022-07-17,4.771999835968018,20779.34375,396.239990234375,28.209999084472656,,33.24250030517578,2021.1514892578125,77.54517364501953
2022-07-18,4.748000144958496,22485.689453125,399.7799987792969,28.700000762939453,,33.345001220703125,2015.908447265625,77.61539459228516
2022-07-19,4.749499797821045,23389.43359375,401.95001220703125,28.889999389648438,,33.41999816894531,2022.6494140625,78.07880401611328
2022-07-20,4.75,23231.732421875,407.6199951171875,28.889999389648438,,33.26250076293945,2051.113525390625,79.06181335449219
2022-07-21,4.765999794006348,23164.62890625,408.0,29.0,,33.375,2040.8763427734375,79.3707504272461
2022-07-22,4.811500072479248,22714.978515625,408.3599853515625,29.020000457763672,,33.724998474121094,2071.33642578125,78.99629211425781
2022-07-23,4.811500072479248,22465.478515625,408.3599853515625,29.020000457763672,,33.724998474121094,2071.33642578125,78.99629211425781
2022-07-24,4.811500072479248,22609.1640625,408.3599853515625,29.020000457763672,,33.724998474121094,2071.33642578125,78.99629211425781
2022-07-25,4.794000148773193,21361.701171875,408.1099853515625,28.969999313354492,,33.477500915527344,2072.3359375,78.82775115966797
2022-07-26,4.8125,21239.75390625,403.5199890136719,28.790000915527344,,33.47999954223633,2068.34033203125,78.0975341796875
2022-07-27,4.813000202178955,22930.548828125,408.5299987792969,29.0,,33.50749969482422,2068.091552734375,78.83714294433594
2022-07-28,4.846499919891357,23843.88671875,415.9800109863281,29.25,,34.212501525878906,2101.04931640625,79.5112075805664
2022-07-29,4.872000217437744,23804.6328125,421.1400146484375,29.200000762939453,,34.36750030517578,2116.029541015625,80.082275390625
2022-07-30,4.872000217437744,23656.20703125,421.1400146484375,29.200000762939453,,34.36750030517578,2116.029541015625,80.082275390625
2022-07-31,4.872000217437744,23336.896484375,421.1400146484375,29.200000762939453,,34.36750030517578,2116.029541015625,80.082275390625
2022-08-01,4.867499828338623,23314.19921875,425.1000061035156,29.18000030517578,,34.47249984741211,2099.301025390625,80.23674011230469
2022-08-02,4.8404998779296875,22978.1171875,422.7200012207031,29.059999465942383,,34.70500183105469,2088.31494140625,80.04949188232422
2022-08-03,4.828999996185303,22846.5078125,425.4599914550781,29.1200008392334,,34.2599983215332,2102.04736328125,80.84994506835938
2022-08-04,4.848999977111816,22630.95703125,426.239990234375,29.3700008392334,,34.807498931884766,2092.809814453125,81.12144470214844
2022-08-05,4.810999870300293,23289.314453125,423.6400146484375,29.360000610351562,,34.599998474121094,2078.07861328125,81.10270690917969
2022-08-06,4.810999870300293,22961.279296875,423.6400146484375,29.360000610351562,,34.599998474121094,2078.07861328125,81.10270690917969
2022-08-07,4.810999870300293,23175.890625,423.6400146484375,29.360000610351562,,34.599998474121094,2078.07861328125,81.10270690917969
2022-08-08,4.820499897003174,23809.486328125,428.5400085449219,29.600000381469727,,34.86750030517578,2110.53662109375,81.6925277709961
2022-08-09,4.815499782562256,23164.318359375,424.2699890136719,29.450000762939453,,34.932498931884766,2106.541748046875,81.12144470214844
2022-08-10,4.832499980926514,23947.642578125,432.239990234375,29.770000457763672,,35.029998779296875,2120.27392578125,81.55677795410156
2022-08-11,4.816999912261963,23957.529296875,435.239990234375,30.059999465942383,,34.875,2122.24609375,82.30105590820312
2022-08-12,4.813000202178955,24402.818359375,436.5400085449219,30.049999237060547,,35.01499938964844,2137.727294921875,82.91426086425781
2022-08-13,4.813000202178955,24424.068359375,436.5400085449219,30.049999237060547,,35.01499938964844,2137.727294921875,82.91426086425781
2022-08-14,4.813000202178955,24319.333984375,436.5400085449219,30.049999237060547,,35.01499938964844,2137.727294921875,82.91426086425781
2022-08-15,4.813000202178955,24136.97265625,439.6400146484375,30.100000381469727,,34.70500183105469,2152.460205078125,83.63981628417969
2022-08-16,4.810999870300293,23883.291015625,442.4599914550781,30.100000381469727,,34.587501525878906,2145.9677734375,83.85514831542969
2022-08-17,4.794000148773193,23335.998046875,439.1199951171875,29.940000534057617,,34.369998931884766,2129.238037109375,83.44322204589844
2022-08-18,4.802999973297119,23212.73828125,440.6199951171875,29.84000015258789,,34.3224983215332,2140.723876953125,84.0423812866211
2022-08-19,4.767000198364258,20877.552734375,435.1400146484375,29.40999984741211,,34.095001220703125,2137.2275390625,84.12664794921875
2022-08-20,4.767000198364258,21166.060546875,435.1400146484375,29.40999984741211,,34.095001220703125,2137.2275390625,84.12664794921875
2022-08-21,4.767000198364258,21534.12109375,435.1400146484375,29.40999984741211,,34.095001220703125,2137.2275390625,84.12664794921875
2022-08-22,4.750500202178955,21398.908203125,428.1600036621094,29.209999084472656,,33.83000183105469,2117.7509765625,83.13426208496094
2022-08-23,4.754000186920166,21528.087890625,425.7799987792969,29.3700008392334,,34.13249969482422,2077.298828125,82.35255432128906
2022-08-24,4.732500076293945,21395.01953125,427.1300048828125,29.5,,34.162498474121094,2092.28076171875,83.0031967163086
2022-08-25,4.73799991607666,21600.904296875,428.4599914550781,29.799999237060547,,34.20249938964844,2093.280029296875,83.34024810791016
2022-08-26,4.739500045776367,20260.01953125,423.9800109863281,29.690000534057617,,33.834999084472656,2084.790283203125,82.63809204101562
2022-08-27,4.739500045776367,20041.73828125,423.9800109863281,29.690000534057617,,33.834999084472656,2084.790283203125,82.63809204101562
2022-08-28,4.739500045776367,19616.814453125,423.9800109863281,29.690000534057617,,33.834999084472656,2084.790283203125,82.63809204101562
2022-08-29,4.713500022888184,20297.994140625,423.9800109863281,29.690000534057617,,33.834999084472656,2084.790283203125,82.63809204101562
2022-08-30,4.7170000076293945,19796.80859375,411.6099853515625,29.149999618530273,,33.64500045776367,2074.8017578125,81.4210205078125
2022-08-31,4.703999996185303,20049.763671875,409.95001220703125,29.25,,33.532501220703125,2065.811767578125,81.36954498291016
2022-09-01,4.678999900817871,20127.140625,403.9100036621094,28.760000228881836,,33.02000045776367,2037.845703125,80.59717559814453
2022-09-02,4.693999767303467,19969.771484375,413.1400146484375,29.020000457763672,,33.40250015258789,2071.55517578125,82.00148010253906
2022-09-03,4.693999767303467,19832.087890625,413.1400146484375,29.020000457763672,,33.40250015258789,2071.55517578125,82.00148010253906
2022-09-04,4.693999767303467,19986.712890625,413.1400146484375,29.020000457763672,,33.40250015258789,2071.55517578125,82.00148010253906
2022-09-05,4.685500144958496,19812.37109375,405.04998779296875,28.709999084472656,,33.34749984741211,2054.82568359375,81.12144470214844
2022-09-06,4.671999931335449,18837.66796875,405.1099853515625,28.479999542236328,,33.1875,2052.0791015625,80.67208099365234
2022-09-07,4.678999900817871,19290.32421875,405.7799987792969,28.40999984741211,,33.34749984741211,2075.05126953125,81.06529235839844
2022-09-08,4.677000045776367,19329.833984375,412.6700134277344,28.469999313354492,,33.282501220703125,2087.287109375,81.97339630126953
2022-09-09,4.670000076293945,21381.15234375,418.1400146484375,28.90999984741211,,33.462501525878906,2093.280029296875,82.68490600585938
2022-09-10,4.670000076293945,21680.5390625,418.1400146484375,28.90999984741211,,33.462501525878906,2093.280029296875,82.68490600585938
2022-09-11,4.670000076293945,21769.255859375,418.1400146484375,28.90999984741211,,33.462501525878906,2093.280029296875,82.68490600585938
2022-09-12,4.670499801635742,22370.44921875,423.6600036621094,29.34000015258789,,33.747501373291016,2095.77685546875,83.15301513671875
2022-09-13,4.670499801635742,20296.70703125,410.3800048828125,28.639999389648438,,33.2400016784668,2068.06005859375,81.93126678466797
2022-09-14,4.670499801635742,20241.08984375,406.4100036621094,28.559999465942383,,33.189998626708984,2029.85498046875,81.08869934082031
2022-09-15,4.670499801635742,19701.2109375,403.8399963378906,28.389999389648438,,32.50749969482422,2036.3472900390625,81.1134262084961
2022-09-16,4.670499801635742,19772.583984375,396.9800109863281,27.969999313354492,,32.657501220703125,2020.61572265625,80.27605438232422
2022-09-17,4.670499801635742,20127.576171875,396.9800109863281,27.969999313354492,,32.657501220703125,2020.61572265625,80.27605438232422
2022-09-18,4.670499801635742,19419.505859375,396.9800109863281,27.969999313354492,,32.657501220703125,2020.61572265625,80.27605438232422
2022-09-19,4.670499801635742,19544.12890625,396.9800109863281,27.969999313354492,,32.657501220703125,2020.61572265625,80.27605438232422
2022-09-20,4.670499801635742,18890.7890625,397.92999267578125,27.969999313354492,,32.4474983215332,1993.3978271484375,80.32308959960938
2022-09-21,4.604499816894531,18547.400390625,399.44000244140625,27.700000762939453,,32.48249816894531,2008.879638671875,80.85469055175781
2022-09-22,4.582499980926514,19413.55078125,387.5199890136719,27.309999465942383,,32.5724983215332,1961.685302734375,79.27871704101562
2022-09-23,4.572999954223633,19297.638671875,380.5,26.719999313354492,,32.14250183105469,1987.1551513671875,79.94674682617188
2022-09-24,4.572999954223633,18937.01171875,380.5,26.719999313354492,,32.14250183105469,1987.1551513671875,79.94674682617188
2022-09-25,4.572999954223633,18802.09765625,380.5,26.719999313354492,,32.14250183105469,1987.1551513671875,79.94674682617188
2022-09-26,4.534999847412109,19222.671875,378.7799987792969,26.3700008392334,,31.917499542236328,1957.190673828125,80.17254638671875
2022-09-27,4.504000186920166,19110.546875,378.260009765625,26.360000610351562,,31.829999923706055,1941.7088623046875,80.37954711914062
2022-09-28,4.551499843597412,19426.720703125,379.7699890136719,26.219999313354492,,32.212501525878906,1952.1962890625,80.84998321533203
2022-09-29,4.5304999351501465,19573.05078125,375.54998779296875,25.829999923706055,,32.31999969482422,1880.7806396484375,77.99911499023438
2022-09-30,4.550000190734863,19431.7890625,377.7799987792969,26.0,,32.57500076293945,1889.7701416015625,77.81094360351562
2022-10-01,4.550000190734863,19312.095703125,377.7799987792969,26.0,,32.57500076293945,1889.7701416015625,77.81094360351562
2022-10-02,4.550000190734863,19044.107421875,377.7799987792969,26.0,,32.57500076293945,1889.7701416015625,77.81094360351562
2022-10-03,4.582499980926514,19623.580078125,377.3999938964844,26.139999389648438,,32.900001525878906,1886.274169921875,76.94062042236328
2022-10-04,4.598999977111816,20336.84375,389.94000244140625,27.06999969482422,,33.68000030517578,1898.260009765625,78.7330093383789
2022-10-05,4.545000076293945,20160.716796875,385.4700012207031,26.799999237060547,,33.272499084472656,1872.7900390625,78.94940185546875
2022-10-06,4.531499862670898,19955.443359375,388.5400085449219,26.920000076293945,,33.377498626708984,1888.022216796875,79.78678131103516
2022-10-07,4.513500213623047,19546.849609375,377.95001220703125,26.450000762939453,,33.13750076293945,1858.8065185546875,78.42251586914062
2022-10-08,4.513500213623047,19416.568359375,377.95001220703125,26.450000762939453,,33.13750076293945,1858.8065185546875,78.42251586914062
2022-10-09,4.513500213623047,19446.42578125,377.95001220703125,26.450000762939453,,33.13750076293945,1858.8065185546875,78.42251586914062
2022-10-10,4.487500190734863,19141.484375,372.82000732421875,25.959999084472656,,32.474998474121094,1849.8173828125,77.8250503540039
2022-10-11,4.504000186920166,19051.41796875,372.17999267578125,25.719999313354492,,32.6775016784668,1833.83642578125,76.95002746582031
2022-10-12,4.485499858856201,19157.4453125,370.67999267578125,25.549999237060547,,32.525001525878906,1835.33447265625,76.86064910888672
2022-10-13,4.484499931335449,19382.904296875,372.989990234375,25.559999465942383,,32.3849983215332,1791.385986328125,75.67512512207031
2022-10-14,4.4644999504089355,19185.65625,373.4200134277344,25.489999771118164,,32.08250045776367,1822.3494873046875,76.41844177246094
2022-10-15,4.4644999504089355,19067.634765625,373.4200134277344,25.489999771118164,,32.08250045776367,1822.3494873046875,76.41844177246094
2022-10-16,4.4644999504089355,19268.09375,373.4200134277344,25.489999771118164,,32.08250045776367,1822.3494873046875,76.41844177246094
2022-10-17,4.486499786376953,19550.7578125,378.8900146484375,25.959999084472656,,32.3650016784668,1827.3436279296875,76.36197662353516
2022-10-18,4.47599983215332,19334.416015625,381.3800048828125,25.790000915527344,,32.10749816894531,1852.8140869140625,77.36872863769531
2022-10-19,4.468500137329102,19139.53515625,381.94000244140625,25.520000457763672,,31.790000915527344,1826.8443603515625,77.57571411132812
2022-10-20,4.462500095367432,19053.740234375,383.489990234375,25.920000076293945,,31.989999771118164,1829.091552734375,77.75448608398438
2022-10-21,4.44350004196167,19172.46875,381.2699890136719,25.799999237060547,,32.0099983215332,1815.60791015625,77.70272064208984
2022-10-22,4.44350004196167,19208.189453125,381.2699890136719,25.799999237060547,,32.0099983215332,1815.60791015625,77.70272064208984
2022-10-23,4.44350004196167,19567.0078125,381.2699890136719,25.799999237060547,,32.0099983215332,1815.60791015625,77.70272064208984
2022-10-24,4.452499866485596,19345.572265625,389.489990234375,25.059999465942383,,32.122501373291016,1818.8538818359375,78.11203002929688
2022-10-25,4.499000072479248,20095.857421875,396.69000244140625,25.329999923706055,,32.28499984741211,1844.8231201171875,78.35663604736328
2022-10-26,4.500500202178955,20770.44140625,400.489990234375,25.8700008392334,,32.560001373291016,1852.314453125,78.50719451904297
2022-10-27,4.534999847412109,20285.8359375,395.6400146484375,25.75,,32.439998626708984,1856.559326171875,77.8956298828125
2022-10-28,4.517499923706055,20595.3515625,398.489990234375,25.239999771118164,,31.96500015258789,1857.308349609375,77.92854309082031
2022-10-29,4.517499923706055,20818.4765625,398.489990234375,25.239999771118164,,31.96500015258789,1857.308349609375,77.92854309082031
2022-10-30,4.517499923706055,20635.603515625,398.489990234375,25.239999771118164,,31.96500015258789,1857.308349609375,77.92854309082031
2022-10-31,4.513500213623047,20495.7734375,399.6099853515625,25.309999465942383,,31.90999984741211,1881.5299072265625,78.7800521850586
2022-11-01,4.502999782562256,20485.2734375,397.82000732421875,25.790000915527344,,32.02750015258789,1898.5096435546875,79.13758087158203
2022-11-02,4.534999847412109,20159.50390625,394.94000244140625,25.790000915527344,,32.087501525878906,1880.2813720703125,78.59186553955078
2022-11-03,4.479000091552734,20209.98828125,385.7300109863281,25.719999313354492,,31.6875,1880.031494140625,79.0340805053711
2022-11-04,4.487500190734863,21147.23046875,385.489990234375,26.6200008392334,,32.6150016784668,1885.2757568359375,79.10465240478516
2022-11-05,4.487500190734863,21282.69140625,385.489990234375,26.6200008392334,,32.6150016784668,1885.2757568359375,79.10465240478516
2022-11-06,4.487500190734863,20926.486328125,385.489990234375,26.6200008392334,,32.6150016784668,1885.2757568359375,79.10465240478516
2022-11-07,4.468500137329102,20602.81640625,390.92999267578125,26.809999465942383,,32.6974983215332,1873.7889404296875,78.82707977294922
2022-11-08,4.499499797821045,18541.271484375,397.8900146484375,27.040000915527344,,33.39500045776367,1883.5274658203125,79.43867492675781
2022-11-09,4.499499797821045,15880.7802734375,392.1000061035156,26.790000915527344,,33.372501373291016,1902.255615234375,79.45747375488281
2022-11-10,4.55649995803833,17586.771484375,404.7699890136719,27.389999389648438,,34.08250045776367,1949.9490966796875,80.34661865234375
2022-11-11,4.539000034332275,17034.29296875,408.1499938964844,27.979999542236328,,34.29750061035156,1945.20458984375,80.71826171875
2022-11-12,4.539000034332275,16799.185546875,408.1499938964844,27.979999542236328,,34.29750061035156,1945.20458984375,80.71826171875
2022-11-13,4.539000034332275,16353.365234375,408.1499938964844,27.979999542236328,,34.29750061035156,1945.20458984375,80.71826171875
2022-11-14,4.540999889373779,16618.19921875,411.7799987792969,28.110000610351562,,34.48249816894531,1930.9713134765625,81.41451263427734
2022-11-15,4.559000015258789,16884.61328125,415.29998779296875,28.770000457763672,,34.497501373291016,1910.7454833984375,81.20752716064453
2022-11-16,4.578499794006348,16669.439453125,409.9800109863281,28.139999389648438,,34.60499954223633,1898.5096435546875,80.23371887207031
2022-11-17,4.572999954223633,16687.517578125,405.0400085449219,28.010000228881836,,34.2400016784668,1875.4271240234375,80.03140258789062
2022-11-18,4.573500156402588,16697.77734375,409.1499938964844,28.020000457763672,,34.20249938964844,1875.4271240234375,79.79618835449219
2022-11-19,4.573500156402588,16711.546875,409.1499938964844,28.020000457763672,,34.20249938964844,1875.4271240234375,79.79618835449219
2022-11-20,4.573500156402588,16291.83203125,409.1499938964844,28.020000457763672,,34.20249938964844,1875.4271240234375,79.79618835449219
2022-11-21,4.578499794006348,15787.2841796875,407.05999755859375,27.540000915527344,,33.790000915527344,1888.9119873046875,79.92791748046875
2022-11-22,4.581999778747559,16189.76953125,410.8399963378906,27.68000030517578,,33.90250015258789,1891.6591796875,80.22429656982422
2022-11-23,4.598499774932861,16610.70703125,415.7799987792969,27.8799991607666,,33.959999084472656,1866.9365234375,79.85264587402344
2022-11-24,4.616499900817871,16604.46484375,417.3399963378906,28.209999084472656,,34.21500015258789,1873.9287109375,79.984375
2022-11-25,4.5980000495910645,16521.841796875,416.1099853515625,27.920000076293945,,34.11000061035156,1877.4249267578125,79.89968872070312
2022-11-26,4.5980000495910645,16464.28125,416.1099853515625,27.920000076293945,,34.11000061035156,1877.4249267578125,79.89968872070312
2022-11-27,4.5980000495910645,16444.626953125,416.1099853515625,27.920000076293945,,34.11000061035156,1877.4249267578125,79.89968872070312
2022-11-28,4.5954999923706055,16217.322265625,412.1499938964844,27.90999984741211,,33.98249816894531,1872.1807861328125,79.67388153076172
2022-11-29,4.600500106811523,16444.982421875,407.7099914550781,28.270000457763672,,34.11000061035156,1871.181640625,79.53274536132812
2022-11-30,4.5879998207092285,17168.56640625,408.9100036621094,28.899999618530273,,34.16999816894531,1879.4227294921875,80.21489715576172
2022-12-01,4.631999969482422,16967.1328125,421.04998779296875,29.040000915527344,,35.0724983215332,1867.9354248046875,80.12551879882812
2022-12-02,4.629499912261963,17088.66015625,418.8599853515625,29.18000030517578,,34.91999816894531,1859.1949462890625,79.82440948486328
2022-12-03,4.629499912261963,16908.236328125,418.8599853515625,29.18000030517578,,34.91999816894531,1859.1949462890625,79.82440948486328
2022-12-04,4.629499912261963,17130.486328125,418.8599853515625,29.18000030517578,,34.91999816894531,1859.1949462890625,79.82440948486328
2022-12-05,4.632999897003174,16974.826171875,415.6000061035156,28.8700008392334,,34.5724983215332,1863.4404296875,79.75385284423828
2022-12-06,4.640999794006348,17089.50390625,409.1400146484375,28.90999984741211,,34.599998474121094,1838.967529296875,78.4130859375
2022-12-07,4.6539998054504395,16848.126953125,405.989990234375,28.56999969482422,,34.66749954223633,1847.4580078125,78.15906524658203
2022-12-08,4.647500038146973,17233.474609375,409.1499938964844,28.920000076293945,,34.83000183105469,1855.19921875,78.54010772705078
2022-12-09,4.640999794006348,17133.15234375,410.510009765625,29.040000915527344,,35.147499084472656,1848.9561767578125,78.3754653930664
2022-12-10,4.640999794006348,17128.724609375,410.510009765625,29.040000915527344,,35.147499084472656,1848.9561767578125,78.3754653930664
2022-12-11,4.640999794006348,17104.193359375,410.510009765625,29.040000915527344,,35.147499084472656,1848.9561767578125,78.3754653930664
2022-12-12,4.631499767303467,17206.4375,408.4200134277344,28.469999313354492,,34.724998474121094,1836.9697265625,78.02734375
2022-12-13,4.6519999504089355,17781.318359375,419.45001220703125,29.1200008392334,,35.35499954223633,1861.6922607421875,79.13286590576172
2022-12-14,4.640999794006348,17815.650390625,418.4800109863281,28.989999771118164,,35.28499984741211,1872.9296875,78.9776382446289
2022-12-15,4.632500171661377,17364.865234375,403.19000244140625,28.329999923706055,,34.6349983215332,1851.45361328125,77.48532104492188
2022-12-16,4.624000072479248,16647.484375,397.6700134277344,28.40999984741211,,34.84000015258789,1821.2369384765625,77.02257537841797
2022-12-17,4.624000072479248,16795.091796875,397.6700134277344,28.40999984741211,,34.84000015258789,1821.2369384765625,77.02257537841797
2022-12-18,4.624000072479248,16757.9765625,397.6700134277344,28.40999984741211,,34.84000015258789,1821.2369384765625,77.02257537841797
2022-12-19,4.60099983215332,16439.6796875,395.5199890136719,28.3799991607666,,34.8224983215332,1814.4945068359375,76.80538940429688
2022-12-20,4.576499938964844,16906.3046875,394.3699951171875,28.420000076293945,,35.352500915527344,1800.759765625,76.85260009765625
2022-12-21,4.577499866485596,16817.53515625,401.75,28.530000686645508,,35.38999938964844,1838.468017578125,78.26914978027344
2022-12-22,4.601500034332275,16830.341796875,393.94000244140625,28.34000015258789,,34.98749923706055,1824.9827880859375,77.44755554199219
2022-12-23,4.578000068664551,16796.953125,396.5199890136719,28.40999984741211,,35.0212516784668,1827.979736328125,77.69308471679688
2022-12-24,4.578000068664551,16847.755859375,396.5199890136719,28.40999984741211,,35.0212516784668,1827.979736328125,77.69308471679688
2022-12-25,4.578000068664551,16841.986328125,396.5199890136719,28.40999984741211,,35.0212516784668,1827.979736328125,77.69308471679688
2022-12-26,4.578000068664551,16919.8046875,396.5199890136719,28.40999984741211,,35.0212516784668,1827.979736328125,77.69308471679688
2022-12-27,4.55649995803833,16717.173828125,,,,,,
2022-12-28,4.566500186920166,16552.572265625,393.7099914550781,28.459999084472656,,35.095001220703125,1833.972900390625,77.65530395507812
2022-12-29,4.552000045776367,16642.341796875,398.30999755859375,28.8700008392334,,35.3224983215332,1838.7178955078125,78.19358825683594
2022-12-30,4.534999847412109,16602.5859375,396.0899963378906,28.639999389648438,,35.44499969482422,1842.962890625,77.85835266113281
2022-12-31,4.534999847412109,16547.49609375,396.0899963378906,28.639999389648438,,35.44499969482422,1842.962890625,77.85835266113281
2023-01-01,4.534999847412109,16625.080078125,396.0899963378906,28.639999389648438,,35.44499969482422,1842.962890625,77.85835266113281
2023-01-02,4.539999961853027,16688.470703125,396.0899963378906,28.639999389648438,,35.44499969482422,1842.962890625,77.85835266113281
2023-01-03,4.559999942779541,16679.857421875,394.2799987792969,28.719999313354492,,35.63750076293945,1851.2041015625,78.19832611083984
2023-01-04,4.578999996185303,16863.23828125,399.82000732421875,29.270000457763672,,36.1974983215332,1878.673583984375,78.82633972167969
2023-01-05,4.577499866485596,16836.736328125,393.8999938964844,29.299999237060547,,35.665000915527344,1858.446044921875,78.90188598632812
2023-01-06,4.5995001792907715,16951.96875,400.739990234375,29.780000686645508,,36.2599983215332,1859.1949462890625,79.27962493896484
2023-01-07,4.5995001792907715,16955.078125,400.739990234375,29.780000686645508,,36.2599983215332,1859.1949462890625,79.27962493896484
2023-01-08,4.5995001792907715,17091.14453125,400.739990234375,29.780000686645508,,36.2599983215332,1859.1949462890625,79.27962493896484
2023-01-09,4.611000061035156,17196.5546875,408.19000244140625,30.399999618530273,,36.53499984741211,1868.18505859375,79.85569763183594
2023-01-10,4.591000080108643,17446.29296875,402.8999938964844,30.239999771118164,,36.529998779296875,1848.20703125,79.23241424560547
2023-01-11,4.607500076293945,17934.896484375,407.8900146484375,30.40999984741211,,36.459999084472656,1898.4014892578125,80.23342895507812
2023-01-12,4.620500087738037,18869.587890625,410.4200134277344,30.579999923706055,,36.845001220703125,1917.380615234375,80.7009048461914
2023-01-13,4.632999897003174,19909.57421875,410.7099914550781,30.719999313354492,,37.23749923706055,1918.1298828125,80.65840911865234
2023-01-14,4.632999897003174,20976.298828125,410.7099914550781,30.719999313354492,,37.23749923706055,1918.1298828125,80.65840911865234
2023-01-15,4.632999897003174,20880.798828125,410.7099914550781,30.719999313354492,,37.23749923706055,1918.1298828125,80.65840911865234
2023-01-16,4.626500129699707,21169.6328125,413.69000244140625,30.65999984741211,,37.3025016784668,1927.619384765625,81.04558563232422
2023-01-17,4.639999866485596,21161.51953125,413.239990234375,30.729999542236328,,37.255001068115234,1920.8768310546875,80.5828628540039
2023-01-18,4.6585001945495605,20688.78125,409.8900146484375,30.649999618530273,,37.16749954223633,1898.4014892578125,79.82735443115234
2023-01-19,4.658999919891357,21086.79296875,402.6700134277344,30.649999618530273,,37.4275016784668,1881.919677734375,78.5902328491211
2023-01-20,4.639500141143799,22676.552734375,407.3599853515625,31.040000915527344,,37.522499084472656,1880.4215087890625,79.43071746826172
2023-01-21,4.639500141143799,22777.625,407.3599853515625,31.040000915527344,,37.522499084472656,1880.4215087890625,79.43071746826172
2023-01-22,4.639500141143799,22720.416015625,407.3599853515625,31.040000915527344,,37.522499084472656,1880.4215087890625,79.43071746826172
2023-01-23,4.638000011444092,22934.431640625,416.510009765625,31.459999084472656,,37.4375,1912.3861083984375,80.78115844726562
2023-01-24,4.646999835968018,22636.46875,415.6199951171875,31.389999389648438,,37.692501068115234,1931.86474609375,80.95115661621094
2023-01-25,4.640500068664551,23117.859375,411.4599914550781,31.309999465942383,,37.662498474121094,1918.8790283203125,80.24758911132812
2023-01-26,4.640500068664551,23032.77734375,416.6000061035156,31.639999389648438,,37.522499084472656,1929.3673095703125,80.97003173828125
2023-01-27,4.632999897003174,23078.728515625,421.2699890136719,31.6200008392334,,37.61750030517578,1941.3541259765625,81.35723876953125
2023-01-28,4.632999897003174,23031.08984375,421.2699890136719,31.6200008392334,,37.61750030517578,1941.3541259765625,81.35723876953125
2023-01-29,4.632999897003174,23774.56640625,421.2699890136719,31.6200008392334,,37.61750030517578,1941.3541259765625,81.35723876953125
2023-01-30,4.619999885559082,22840.138671875,418.760009765625,31.149999618530273,,37.462501525878906,1950.344482421875,81.09281158447266
2023-01-31,4.625,23139.283203125,418.7300109863281,30.93000030517578,,37.55500030517578,1948.0965576171875,81.25336456298828
2023-02-01,4.632500171661377,23723.76953125,420.9700012207031,31.15999984741211,,37.5625,1956.8370361328125,81.68775177001953
2023-02-02,4.683499813079834,23471.87109375,433.2799987792969,31.260000228881836,,37.38999938964844,2035.25048828125,83.75592803955078
2023-02-03,4.644000053405762,23449.322265625,432.8699951171875,30.8799991607666,,36.36750030517578,2023.013916015625,84.56336212158203
2023-02-04,4.644000053405762,23331.84765625,432.8699951171875,30.8799991607666,,36.36750030517578,2023.013916015625,84.56336212158203
2023-02-05,4.644000053405762,22955.666015625,432.8699951171875,30.8799991607666,,36.36750030517578,2023.013916015625,84.56336212158203
2023-02-06,4.631999969482422,22760.109375,426.7200012207031,30.270000457763672,,36.38999938964844,2015.52197265625,83.82674407958984
2023-02-07,4.613500118255615,23264.291015625,426.1199951171875,30.280000686645508,,36.564998626708984,1997.5419921875,83.76536560058594
2023-02-08,4.610499858856201,22939.3984375,426.3500061035156,30.270000457763672,,36.51499938964844,1999.2901611328125,83.50093841552734
2023-02-09,4.625999927520752,21819.0390625,427.3299865722656,30.579999923706055,,36.474998474121094,1982.3089599609375,83.3309555053711
2023-02-10,4.5954999923706055,21651.18359375,422.3399963378906,30.200000762939453,,36.209999084472656,1973.818359375,82.9012680053711
2023-02-11,4.5954999923706055,21870.875,422.3399963378906,30.200000762939453,,36.209999084472656,1973.818359375,82.9012680053711
2023-02-12,4.5954999923706055,21788.203125,422.3399963378906,30.200000762939453,,36.209999084472656,1973.818359375,82.9012680053711
2023-02-13,4.5854997634887695,21808.1015625,427.1700134277344,30.389999389648438,,36.07749938964844,1977.564208984375,83.34039306640625
2023-02-14,4.583000183105469,22220.8046875,424.7799987792969,30.219999313354492,,36.01750183105469,1967.5751953125,82.91072845458984
2023-02-15,4.576000213623047,24307.841796875,427.4200134277344,29.989999771118164,,35.67499923706055,1978.812744140625,83.9448013305664
2023-02-16,4.574999809265137,23623.474609375,427.1099853515625,30.190000534057617,,35.779998779296875,1965.4627685546875,84.02978515625
2023-02-17,4.571499824523926,24565.6015625,420.05999755859375,29.770000457763672,,35.78499984741211,1949.72900390625,82.99571990966797
2023-02-18,4.571499824523926,24641.27734375,420.05999755859375,29.770000457763672,,35.78499984741211,1949.72900390625,82.99571990966797
2023-02-19,4.571499824523926,24327.642578125,420.05999755859375,29.770000457763672,,35.78499984741211,1949.72900390625,82.99571990966797
2023-02-20,4.567500114440918,24829.1484375,421.5,30.110000610351562,,35.90250015258789,1949.4794921875,83.0854263305664
2023-02-21,4.549499988555908,24436.353515625,416.1700134277344,29.649999618530273,,35.77750015258789,1914.0159912109375,81.56498718261719
2023-02-22,4.541999816894531,24188.84375,414.6400146484375,29.389999389648438,,35.72999954223633,1916.0140380859375,81.5838851928711
2023-02-23,4.559000015258789,23947.4921875,413.3900146484375,29.469999313354492,,35.494998931884766,1917.0128173828125,81.602783203125
2023-02-24,4.544000148773193,23198.126953125,410.6300048828125,28.84000015258789,,35.33000183105469,1915.0150146484375,81.24390411376953
2023-02-25,4.544000148773193,23175.375,410.6300048828125,28.84000015258789,,35.33000183105469,1915.0150146484375,81.24390411376953
2023-02-26,4.544000148773193,23561.212890625,410.6300048828125,28.84000015258789,,35.33000183105469,1915.0150146484375,81.24390411376953
2023-02-27,4.54449987411499,23522.87109375,413.010009765625,29.020000457763672,,35.3224983215332,1911.5185546875,81.48943328857422
2023-02-28,4.539000034332275,23147.353515625,413.0299987792969,28.940000534057617,,35.595001220703125,1909.0213623046875,80.7150650024414
2023-03-01,4.5279998779296875,23646.55078125,409.6600036621094,29.450000762939453,,35.782501220703125,1874.0574951171875,81.12113952636719
2023-03-02,4.514999866485596,23475.466796875,408.7900085449219,29.489999771118164,,35.790000915527344,1892.538330078125,81.5366439819336
2023-03-03,4.5295000076293945,22362.6796875,416.54998779296875,29.739999771118164,,35.939998626708984,1919.0108642578125,82.54714965820312
2023-03-04,4.5295000076293945,22353.349609375,416.54998779296875,29.739999771118164,,35.939998626708984,1919.0108642578125,82.54714965820312
2023-03-05,4.5295000076293945,22435.513671875,416.54998779296875,29.739999771118164,,35.939998626708984,1919.0108642578125,82.54714965820312
2023-03-06,4.5370001792907715,22429.7578125,422.20001220703125,29.860000610351562,,36.057498931884766,1926.503173828125,83.03819274902344
2023-03-07,4.5355000495910645,22219.76953125,415.4599914550781,29.399999618530273,,35.42499923706055,1915.514404296875,82.9532241821289
2023-03-08,4.539000034332275,21718.080078125,413.1400146484375,29.34000015258789,,35.42250061035156,1920.259765625,82.8021240234375
2023-03-09,4.533999919891357,20363.021484375,414.6400146484375,29.059999465942383,,35.63999938964844,1892.538330078125,82.3582534790039
2023-03-10,4.571000099182129,20187.244140625,408.0899963378906,28.950000762939453,,36.11249923706055,1831.102294921875,80.3845443725586
2023-03-11,4.571000099182129,20632.41015625,408.0899963378906,28.950000762939453,,36.11249923706055,1831.102294921875,80.3845443725586
2023-03-12,4.571000099182129,22163.94921875,408.0899963378906,28.950000762939453,,36.11249923706055,1831.102294921875,80.3845443725586
2023-03-13,4.617499828338623,24197.533203125,401.70001220703125,28.68000030517578,,37.11249923706055,1796.8875732421875,78.5902328491211
2023-03-14,4.5929999351501465,24746.07421875,407.19000244140625,28.690000534057617,,37.099998474121094,1823.1104736328125,79.3315658569336
2023-03-15,4.642499923706055,24375.9609375,399.9200134277344,27.979999542236328,,37.64250183105469,1808.1258544921875,78.16527557373047
2023-03-16,4.625500202178955,25052.7890625,408.2699890136719,28.469999313354492,,37.38249969482422,1796.3880615234375,79.35324096679688
2023-03-17,4.640500068664551,27423.9296875,407.4100036621094,28.420000076293945,,38.14500045776367,1767.4180908203125,78.65157318115234
2023-03-18,4.640500068664551,26965.87890625,407.4100036621094,28.420000076293945,,38.14500045776367,1767.4180908203125,78.65157318115234
2023-03-19,4.640500068664551,28038.67578125,407.4100036621094,28.420000076293945,,38.14500045776367,1767.4180908203125,78.65157318115234
2023-03-20,4.6479997634887695,27767.236328125,408.3900146484375,28.479999542236328,,38.494998931884766,1758.4273681640625,78.47613525390625
2023-03-21,4.616000175476074,28175.81640625,413.3900146484375,28.649999618530273,,37.83250045776367,1772.6624755859375,79.80840301513672
2023-03-22,4.614999771118164,27307.4375,414.8399963378906,28.940000534057617,,37.95000076293945,1740.1962890625,79.95538330078125
2023-03-23,4.644999980926514,28333.97265625,414.42999267578125,29.520000457763672,,38.84000015258789,1721.2161865234375,79.61875915527344
2023-03-24,4.6579999923706055,27493.28515625,409.1499938964844,29.049999237060547,,38.647499084472656,1710.9764404296875,79.01663208007812
2023-03-25,4.6579999923706055,27494.70703125,409.1499938964844,29.049999237060547,,38.647499084472656,1710.9764404296875,79.01663208007812
2023-03-26,4.6579999923706055,27994.330078125,409.1499938964844,29.049999237060547,,38.647499084472656,1710.9764404296875,79.01663208007812
2023-03-27,4.637499809265137,27139.888671875,413.55999755859375,28.959999084472656,,38.08250045776367,1731.7054443359375,79.47178649902344
2023-03-28,4.627999782562256,27268.130859375,412.489990234375,29.329999923706055,,38.317501068115234,1718.21923828125,79.1493911743164
2023-03-29,4.627500057220459,28348.44140625,416.3599853515625,29.559999465942383,,38.310001373291016,1740.696044921875,79.97434997558594
2023-03-30,4.625999927520752,28033.5625,420.20001220703125,29.790000915527344,,38.432498931884766,1766.91845703125,80.54804229736328
2023-03-31,4.630499839782715,28478.484375,423.8800048828125,29.81999969482422,,38.52750015258789,1776.908447265625,81.09800720214844
2023-04-01,4.630499839782715,28411.03515625,423.8800048828125,29.81999969482422,,38.52750015258789,1776.908447265625,81.09800720214844
2023-04-02,4.630499839782715,28199.30859375,423.8800048828125,29.81999969482422,,38.52750015258789,1776.908447265625,81.09800720214844
2023-04-03,4.647500038146973,27790.220703125,426.4200134277344,29.780000686645508,,38.744998931884766,1793.3912353515625,81.33033752441406
2023-04-04,4.6545000076293945,28168.08984375,425.95001220703125,29.770000457763672,,39.345001220703125,1767.9176025390625,80.6760482788086
2023-04-05,4.6620001792907715,28177.984375,424.2900085449219,29.600000381469727,,39.30500030517578,1766.4190673828125,80.35364532470703
2023-04-06,4.667500019073486,28044.140625,424.2300109863281,29.649999618530273,,39.150001525878906,1769.9154052734375,80.69499969482422
2023-04-07,4.667500019073486,27925.859375,424.2300109863281,29.649999618530273,,39.150001525878906,1769.9154052734375,80.69499969482422
2023-04-08,4.667500019073486,27947.794921875,424.2300109863281,29.649999618530273,,39.150001525878906,1769.9154052734375,80.69499969482422
2023-04-09,4.667500019073486,28333.05078125,424.2300109863281,29.649999618530273,,39.150001525878906,1769.9154052734375,80.69499969482422
2023-04-10,,29652.98046875,,,,,,
2023-04-11,4.630000114440918,30235.05859375,426.989990234375,30.040000915527344,,39.0,1788.8958740234375,81.26395416259766
2023-04-12,4.644000053405762,30139.052734375,426.7200012207031,29.8700008392334,,39.099998474121094,1791.8927001953125,81.10274505615234
2023-04-13,4.635000228881836,30399.06640625,427.8500061035156,30.18000030517578,,39.717498779296875,1760.1754150390625,81.18809509277344
2023-04-14,4.624499797821045,30485.69921875,429.1000061035156,29.969999313354492,,38.88750076293945,1770.4150390625,81.76176452636719
2023-04-15,4.624499797821045,30318.49609375,429.1000061035156,29.969999313354492,,38.88750076293945,1770.4150390625,81.76176452636719
2023-04-16,4.624499797821045,30315.35546875,429.1000061035156,29.969999313354492,,38.88750076293945,1770.4150390625,81.76176452636719
2023-04-17,4.610000133514404,29445.044921875,429.17999267578125,30.06999969482422,,38.76250076293945,1792.891357421875,82.23588562011719
2023-04-18,4.611499786376953,30397.552734375,431.2300109863281,30.1200008392334,,39.157501220703125,1789.6448974609375,82.2216796875
2023-04-19,4.602499961853027,28822.6796875,430.45001220703125,29.790000915527344,,38.82749938964844,1786.3983154296875,81.82341766357422
2023-04-20,4.610499858856201,28245.98828125,429.2699890136719,29.850000381469727,,39.032501220703125,1784.8997802734375,81.69540405273438
2023-04-21,4.60699987411499,27276.91015625,429.04998779296875,29.469999313354492,,38.50749969482422,1786.897705078125,81.78546905517578
2023-04-22,4.60699987411499,27817.5,429.04998779296875,29.469999313354492,,38.50749969482422,1786.897705078125,81.78546905517578
2023-04-23,4.60699987411499,27591.384765625,429.04998779296875,29.469999313354492,,38.50749969482422,1786.897705078125,81.78546905517578
2023-04-24,4.622499942779541,27525.33984375,428.760009765625,29.3799991607666,,38.627498626708984,1773.9114990234375,81.50574493408203
2023-04-25,4.637499809265137,28307.59765625,426.4700012207031,28.940000534057617,,38.72249984741211,1780.6544189453125,81.3587875366211
2023-04-26,4.639999866485596,28422.701171875,424.5,29.18000030517578,,38.872501373291016,1772.9122314453125,80.62863159179688
2023-04-27,4.617499828338623,29473.787109375,425.8999938964844,29.350000381469727,,38.63750076293945,1772.4129638671875,80.81828308105469
2023-04-28,4.646500110626221,29340.26171875,431.5299987792969,29.600000381469727,,38.75,1792.3924560546875,81.01266479492188
2023-04-29,4.646500110626221,29248.48828125,431.5299987792969,29.600000381469727,,38.75,1792.3924560546875,81.01266479492188
2023-04-30,4.646500110626221,29268.806640625,431.5299987792969,29.600000381469727,,38.75,1792.3924560546875,81.01266479492188
2023-05-01,4.646500110626221,28091.568359375,431.5299987792969,29.600000381469727,,38.75,1792.3924560546875,81.01266479492188
2023-05-02,4.651000022888184,28680.537109375,425.3900146484375,29.139999389648438,,39.189998626708984,1763.6719970703125,80.6476058959961
2023-05-03,4.65749979019165,29006.30859375,428.2200012207031,29.299999237060547,,39.4275016784668,1769.166259765625,80.6476058959961
2023-05-04,4.6645002365112305,28847.7109375,422.04998779296875,29.3700008392334,,39.89500045776367,1762.42333984375,79.76573944091797
2023-05-05,4.646999835968018,29534.384765625,428.4100036621094,29.719999313354492,,39.1974983215332,1783.90087890625,80.46744537353516
2023-05-06,4.646999835968018,28904.623046875,428.4100036621094,29.719999313354492,,39.1974983215332,1783.90087890625,80.46744537353516
2023-05-07,4.646999835968018,28454.978515625,428.4100036621094,29.719999313354492,,39.1974983215332,1783.90087890625,80.46744537353516
2023-05-08,4.638999938964844,27694.2734375,428.4100036621094,29.719999313354492,,39.1974983215332,1783.90087890625,80.46744537353516
2023-05-09,4.634500026702881,27658.775390625,428.92999267578125,29.610000610351562,,39.412498474121094,1765.919677734375,80.53380584716797
2023-05-10,4.646500110626221,27621.755859375,429.45001220703125,29.639999389648438,,39.42250061035156,1780.6544189453125,80.59071350097656
2023-05-11,4.658999919891357,27000.7890625,429.0799865722656,29.360000610351562,,39.282501220703125,1773.6617431640625,81.07430267333984
2023-05-12,4.651000022888184,26804.990234375,428.010009765625,29.170000076293945,,39.165000915527344,1771.1640625,81.18809509277344
2023-05-13,4.651000022888184,26784.078125,428.010009765625,29.170000076293945,,39.165000915527344,1771.1640625,81.18809509277344
2023-05-14,4.651000022888184,26930.638671875,428.010009765625,29.170000076293945,,39.165000915527344,1771.1640625,81.18809509277344
2023-05-15,4.640500068664551,27192.693359375,429.1000061035156,29.610000610351562,,39.29499816894531,1775.9090576171875,81.25447845458984
2023-05-16,4.623499870300293,27036.650390625,428.6400146484375,29.540000915527344,,38.935001373291016,1760.4251708984375,81.29712677001953
2023-05-17,4.631999969482422,27398.802734375,429.1700134277344,29.530000686645508,,38.5625,1750.1856689453125,81.29239654541016
2023-05-18,4.607500076293945,26832.208984375,434.69000244140625,29.459999084472656,,38.04999923706055,1755.9298095703125,82.29753875732422
2023-05-19,4.610499858856201,26890.12890625,435.9599914550781,29.510000228881836,,38.619998931884766,1730.370361328125,82.26908874511719
2023-05-20,4.610499858856201,27129.5859375,435.9599914550781,29.510000228881836,,38.619998931884766,1730.370361328125,82.26908874511719
2023-05-21,4.610499858856201,26753.826171875,435.9599914550781,29.510000228881836,,38.619998931884766,1730.370361328125,82.26908874511719
2023-05-22,4.5970001220703125,26851.27734375,436.8999938964844,29.790000915527344,,38.42499923706055,1741.3597412109375,82.81432342529297
2023-05-23,4.5929999351501465,27225.7265625,435.2200012207031,29.56999969482422,,38.26750183105469,1749.60205078125,82.36389923095703
2023-05-24,4.598999977111816,26334.818359375,428.29998779296875,29.190000534057617,,38.3224983215332,1720.3795166015625,81.37773132324219
2023-05-25,4.582499980926514,26476.20703125,430.489990234375,29.06999969482422,,37.8650016784668,1699.1494140625,81.70963287353516
2023-05-26,4.571499824523926,26719.291015625,436.2799987792969,29.520000457763672,,37.814998626708984,1710.3890380859375,82.73373413085938
2023-05-27,4.571499824523926,26868.353515625,436.2799987792969,29.520000457763672,,37.814998626708984,1710.3890380859375,82.73373413085938
2023-05-28,4.571499824523926,28085.646484375,436.2799987792969,29.520000457763672,,37.814998626708984,1710.3890380859375,82.73373413085938
2023-05-29,4.5854997634887695,27745.884765625,436.2799987792969,29.520000457763672,,37.814998626708984,1710.3890380859375,82.73373413085938
2023-05-30,4.598999977111816,27702.349609375,438.1099853515625,29.25,,38.192501068115234,1714.884765625,82.1268539428711
2023-05-31,4.610000133514404,27219.658203125,433.79998779296875,28.790000915527344,,38.400001525878906,1712.63671875,81.17387390136719
2023-06-01,4.610000133514404,26819.97265625,437.8800048828125,29.399999618530273,,38.56999969482422,1703.145751953125,81.4441146850586
2023-06-02,4.609499931335449,27249.58984375,445.19000244140625,29.969999313354492,,38.227500915527344,1750.1015625,83.24102783203125
2023-06-03,4.609499931335449,27075.12890625,445.19000244140625,29.969999313354492,,38.227500915527344,1750.1015625,83.24102783203125
2023-06-04,4.609499931335449,27119.06640625,445.19000244140625,29.969999313354492,,38.227500915527344,1750.1015625,83.24102783203125
2023-06-05,4.609000205993652,25760.09765625,446.8399963378906,29.90999984741211,,38.10749816894531,1754.5972900390625,83.62031555175781
2023-06-06,4.606500148773193,27238.783203125,445.32000732421875,30.139999389648438,,38.182498931884766,1764.338134765625,83.75782012939453
2023-06-07,4.593999862670898,26345.998046875,445.8699951171875,30.270000457763672,,38.064998626708984,1772.0809326171875,83.3974838256836
2023-06-08,4.600500106811523,26508.216796875,446.0299987792969,30.290000915527344,,38.29249954223633,1754.846923828125,82.91390228271484
2023-06-09,4.601500034332275,26480.375,447.70001220703125,30.469999313354492,,38.220001220703125,1750.8507080078125,82.97551727294922
2023-06-10,4.601500034332275,25851.240234375,447.70001220703125,30.469999313354492,,38.220001220703125,1750.8507080078125,82.97551727294922
2023-06-11,4.601500034332275,25940.16796875,447.70001220703125,30.469999313354492,,38.220001220703125,1750.8507080078125,82.97551727294922
2023-06-12,4.60099983215332,25902.5,449.010009765625,30.510000228881836,,38.13249969482422,1753.0987548828125,83.6629867553711
2023-06-13,4.5970001220703125,25918.728515625,454.69000244140625,30.790000915527344,,37.834999084472656,1745.1060791015625,84.0233154296875
2023-06-14,4.5980000495910645,25124.67578125,456.8699951171875,30.989999771118164,,38.130001068115234,1744.3570556640625,83.9095230102539
2023-06-15,4.600500106811523,25576.39453125,458.989990234375,31.18000030517578,,38.095001220703125,1732.61767578125,83.87194061279297
2023-06-16,4.603000164031982,26327.462890625,460.8599853515625,31.200000762939453,,38.16749954223633,1732.367919921875,83.73832702636719
2023-06-17,4.603000164031982,26510.67578125,460.8599853515625,31.200000762939453,,38.16749954223633,1732.367919921875,83.73832702636719
2023-06-18,4.603000164031982,26336.212890625,460.8599853515625,31.200000762939453,,38.16749954223633,1732.367919921875,83.73832702636719
2023-06-19,4.590000152587891,26851.029296875,458.3999938964844,31.09000015258789,,38.02000045776367,1723.3765869140625,83.351806640625
2023-06-20,4.609000205993652,28327.48828125,455.989990234375,30.65999984741211,,37.665000915527344,1712.386962890625,83.08934783935547
2023-06-21,4.603499889373779,30027.296875,455.20001220703125,30.489999771118164,,37.584999084472656,1708.6405029296875,83.07025909423828
2023-06-22,4.596499919891357,29912.28125,454.9800109863281,30.3799991607666,,37.247501373291016,1682.1656494140625,82.85073852539062
2023-06-23,4.610000133514404,30695.46875,452.8599853515625,29.950000762939453,,37.415000915527344,1660.43603515625,82.32583618164062
2023-06-24,4.610000133514404,30548.6953125,452.8599853515625,29.950000762939453,,37.415000915527344,1660.43603515625,82.32583618164062
2023-06-25,4.610000133514404,30480.26171875,452.8599853515625,29.950000762939453,,37.415000915527344,1660.43603515625,82.32583618164062
2023-06-26,4.619999885559082,30271.130859375,452.5899963378906,30.110000610351562,,37.522499084472656,1672.6744384765625,82.32583618164062
2023-06-27,4.607999801635742,30688.1640625,453.70001220703125,30.31999969482422,,37.2599983215332,1698.650146484375,82.44991302490234
2023-06-28,4.613500118255615,30086.24609375,456.19000244140625,30.139999389648438,,37.224998474121094,1718.6312255859375,83.4710922241211
2023-06-29,4.598999977111816,30445.3515625,457.3599853515625,30.06999969482422,,37.189998626708984,1714.13525390625,83.70015716552734
2023-06-30,4.607999801635742,30477.251953125,462.45001220703125,30.350000381469727,,37.33000183105469,1712.8865966796875,84.00553894042969
2023-07-01,4.607999801635742,30590.078125,462.45001220703125,30.350000381469727,,37.33000183105469,1712.8865966796875,84.00553894042969
2023-07-02,4.607999801635742,30620.76953125,462.45001220703125,30.350000381469727,,37.33000183105469,1712.8865966796875,84.00553894042969
2023-07-03,4.598499774932861,31156.439453125,463.80999755859375,30.65999984741211,,37.50749969482422,1749.60205078125,84.39686584472656
2023-07-04,4.5954999923706055,30777.58203125,464.1600036621094,30.850000381469727,,37.525001525878906,1754.34765625,84.1868896484375
2023-07-05,4.589000225067139,30514.166015625,463.9800109863281,30.520000457763672,,37.470001220703125,1755.0966796875,83.90058135986328
2023-07-06,4.557000160217285,29909.337890625,457.6000061035156,29.850000381469727,,37.17250061035156,1714.13525390625,82.59307098388672
2023-07-07,4.559999942779541,30342.265625,460.1000061035156,30.260000228881836,,37.587501525878906,1711.3880615234375,82.39263153076172
2023-07-08,4.559999942779541,30292.541015625,460.1000061035156,30.260000228881836,,37.587501525878906,1711.3880615234375,82.39263153076172
2023-07-09,4.559999942779541,30171.234375,460.1000061035156,30.260000228881836,,37.587501525878906,1711.3880615234375,82.39263153076172
2023-07-10,4.560999870300293,30414.470703125,458.8599853515625,30.209999084472656,,37.45000076293945,1706.1429443359375,82.30674743652344
2023-07-11,4.559999942779541,30620.951171875,460.45001220703125,30.450000762939453,,37.61750030517578,1723.126708984375,82.34491729736328
2023-07-12,4.588500022888184,30391.646484375,466.7699890136719,31.15999984741211,,38.0525016784668,1746.10546875,83.14661407470703
2023-07-13,4.605999946594238,31476.048828125,468.2699890136719,31.510000228881836,,38.165000915527344,1732.86767578125,82.99390411376953
2023-07-14,4.5995001792907715,30334.068359375,471.04998779296875,31.530000686645508,,38.1349983215332,1731.619140625,83.18955993652344
2023-07-15,4.5995001792907715,30295.806640625,471.04998779296875,31.530000686645508,,38.1349983215332,1731.619140625,83.18955993652344
2023-07-16,4.5995001792907715,30249.1328125,471.04998779296875,31.530000686645508,,38.1349983215332,1731.619140625,83.18955993652344
2023-07-17,4.598999977111816,30145.888671875,470.9200134277344,31.399999618530273,,38.022499084472656,1734.865966796875,83.27067565917969
2023-07-18,4.616000175476074,29856.5625,472.739990234375,31.350000381469727,,38.5724983215332,1726.8734130859375,83.69538879394531
2023-07-19,4.616000175476074,29913.923828125,476.739990234375,31.309999465942383,,38.4375,1763.08935546875,85.30354309082031
2023-07-20,4.605500221252441,29792.015625,474.6499938964844,31.0,,38.352500915527344,1772.8299560546875,85.09833526611328
2023-07-21,4.610000133514404,29908.744140625,474.42999267578125,31.049999237060547,,38.189998626708984,1784.0694580078125,85.14128112792969
2023-07-22,4.610000133514404,29771.802734375,474.42999267578125,31.049999237060547,,38.189998626708984,1784.0694580078125,85.14128112792969
2023-07-23,4.610000133514404,30084.5390625,474.42999267578125,31.049999237060547,,38.189998626708984,1784.0694580078125,85.14128112792969
2023-07-24,4.611000061035156,29176.916015625,474.70001220703125,31.420000076293945,,38.157501220703125,1791.562255859375,85.37034606933594
2023-07-25,4.606500148773193,29227.390625,475.9100036621094,31.68000030517578,,38.25,1787.5662841796875,85.3798828125
2023-07-26,4.60099983215332,29354.97265625,475.0899963378906,31.649999618530273,,38.412498474121094,1781.82177734375,84.9122314453125
2023-07-27,4.600500106811523,29210.689453125,478.67999267578125,31.709999084472656,,37.86750030517578,1770.582275390625,85.8570785522461
2023-07-28,4.5945000648498535,29319.24609375,478.0899963378906,32.130001068115234,,38.209999084472656,1763.3389892578125,86.03842163085938
2023-07-29,4.5945000648498535,29356.91796875,478.0899963378906,32.130001068115234,,38.209999084472656,1763.3389892578125,86.03842163085938
2023-07-30,4.5945000648498535,29275.30859375,478.0899963378906,32.130001068115234,,38.209999084472656,1763.3389892578125,86.03842163085938
2023-07-31,4.598999977111816,29230.111328125,477.8699951171875,32.13999938964844,,38.36000061035156,1769.5830078125,86.0097885131836
2023-08-01,4.581999778747559,29675.732421875,476.8500061035156,31.809999465942383,,37.8650016784668,1765.337158203125,86.23407745361328
2023-08-02,4.567500114440918,29151.958984375,471.95001220703125,31.06999969482422,,37.662498474121094,1753.34814453125,85.29398345947266
2023-08-03,4.55649995803833,29178.6796875,469.7200012207031,31.25,,37.70000076293945,1735.6151123046875,84.93130493164062
2023-08-04,4.570000171661377,29074.091796875,471.9700012207031,31.40999984741211,,37.78499984741211,1751.8497314453125,85.12220764160156
2023-08-05,4.570000171661377,29042.126953125,471.9700012207031,31.40999984741211,,37.78499984741211,1751.8497314453125,85.12220764160156
2023-08-06,4.570000171661377,29041.85546875,471.9700012207031,31.40999984741211,,37.78499984741211,1751.8497314453125,85.12220764160156
2023-08-07,4.576000213623047,29180.578125,468.8800048828125,31.06999969482422,,37.64250183105469,1750.35107421875,84.67840576171875
2023-08-08,4.584000110626221,29765.4921875,466.3500061035156,30.68000030517578,,37.51250076293945,1736.364501953125,84.32528686523438
2023-08-09,4.58650016784668,29561.494140625,466.67999267578125,30.81999969482422,,37.307498931884766,1742.3590087890625,84.53047943115234
2023-08-10,4.5894999504089355,29429.591796875,469.5899963378906,31.1200008392334,,37.334999084472656,1756.84521484375,85.14128112792969
2023-08-11,4.568999767303467,29397.71484375,464.57000732421875,30.43000030517578,,37.272499084472656,1739.1119384765625,84.27278137207031
2023-08-12,4.568999767303467,29415.96484375,464.57000732421875,30.43000030517578,,37.272499084472656,1739.1119384765625,84.27278137207031
2023-08-13,4.568999767303467,29282.9140625,464.57000732421875,30.43000030517578,,37.272499084472656,1739.1119384765625,84.27278137207031
2023-08-14,4.55649995803833,29408.443359375,467.17999267578125,30.270000457763672,,37.18000030517578,1726.6236572265625,84.47798156738281
2023-08-15,4.55649995803833,29170.34765625,465.1000061035156,30.059999465942383,,37.13249969482422,1704.8941650390625,83.64288330078125
2023-08-16,4.546500205993652,28701.779296875,463.5799865722656,29.899999618530273,,37.05500030517578,1698.8997802734375,83.22295379638672
2023-08-17,4.53000020980835,26664.55078125,459.32000732421875,29.90999984741211,,36.849998474121094,1677.3153076171875,82.55487823486328
2023-08-18,4.542500019073486,26049.556640625,455.1000061035156,29.649999618530273,,36.837501525878906,1661.57861328125,81.94407653808594
2023-08-19,4.542500019073486,26096.205078125,455.1000061035156,29.649999618530273,,36.837501525878906,1661.57861328125,81.94407653808594
2023-08-20,4.542500019073486,26189.583984375,455.1000061035156,29.649999618530273,,36.837501525878906,1661.57861328125,81.94407653808594
2023-08-21,4.519499778747559,26124.140625,456.1099853515625,29.610000610351562,,36.775001525878906,1641.3458251953125,82.1063232421875
2023-08-22,4.531000137329102,26031.65625,459.4599914550781,29.690000534057617,,36.9375,1652.5863037109375,82.55487823486328
2023-08-23,4.552999973297119,26431.640625,462.0799865722656,30.100000381469727,,37.3025016784668,1678.314208984375,83.32793426513672
2023-08-24,4.547999858856201,26162.373046875,459.8699951171875,29.989999771118164,,37.377498626708984,1699.04638671875,83.37566375732422
2023-08-25,4.55049991607666,26047.66796875,457.67999267578125,29.920000076293945,,37.157501220703125,1699.2962646484375,83.35657501220703
2023-08-26,4.55049991607666,26008.462890625,457.67999267578125,29.920000076293945,,37.157501220703125,1699.2962646484375,83.35657501220703
2023-08-27,4.55049991607666,26089.693359375,457.67999267578125,29.920000076293945,,37.157501220703125,1699.2962646484375,83.35657501220703
2023-08-28,4.554500102996826,26106.150390625,457.67999267578125,29.920000076293945,,37.157501220703125,1699.2962646484375,83.35657501220703
2023-08-29,4.572500228881836,27727.392578125,467.7099914550781,30.6200008392334,,37.70000076293945,1715.032958984375,84.94087219238281
2023-08-30,4.571000099182129,27297.265625,471.1300048828125,30.579999923706055,,37.8650016784668,1709.7872314453125,84.759521484375
2023-08-31,4.58050012588501,25931.47265625,472.05999755859375,30.219999313354492,,37.76499938964844,1722.276611328125,85.14605712890625
2023-09-01,4.571000099182129,25800.724609375,471.32000732421875,30.520000457763672,,37.717498779296875,1727.2724609375,85.59939575195312
2023-09-02,4.571000099182129,25868.798828125,471.32000732421875,30.520000457763672,,37.717498779296875,1727.2724609375,85.59939575195312
2023-09-03,4.571000099182129,25969.56640625,471.32000732421875,30.520000457763672,,37.717498779296875,1727.2724609375,85.59939575195312
2023-09-04,4.559500217437744,25812.416015625,471.1499938964844,30.649999618530273,,37.744998931884766,1720.2781982421875,85.47533416748047
2023-09-05,4.555500030517578,25779.982421875,470.70001220703125,30.40999984741211,,37.51499938964844,1719.7789306640625,85.55168914794922
2023-09-06,4.536499977111816,25753.236328125,465.8599853515625,30.239999771118164,,37.29499816894531,1715.7821044921875,85.34170532226562
2023-09-07,4.547500133514404,26240.1953125,465.1400146484375,29.93000030517578,,37.35499954223633,1725.52392578125,85.13175201416016
2023-09-08,4.559999942779541,25905.654296875,466.9800109863281,30.010000228881836,,37.400001525878906,1726.0235595703125,85.45624542236328
2023-09-09,4.559999942779541,25895.677734375,466.9800109863281,30.010000228881836,,37.400001525878906,1726.0235595703125,85.45624542236328
2023-09-10,4.559999942779541,25832.2265625,466.9800109863281,30.010000228881836,,37.400001525878906,1726.0235595703125,85.45624542236328
2023-09-11,4.534999847412109,25162.654296875,467.32000732421875,30.209999084472656,,37.4375,1712.2850341796875,85.4228286743164
2023-09-12,4.540999889373779,25833.34375,467.1700134277344,30.190000534057617,,37.227500915527344,1718.0303955078125,85.68529510498047
2023-09-13,4.543000221252441,26228.32421875,467.6600036621094,30.219999313354492,,37.1775016784668,1716.781494140625,85.61847686767578
2023-09-14,4.552499771118164,26539.673828125,470.0199890136719,30.389999389648438,,37.165000915527344,1743.75830078125,86.73171997070312
2023-09-15,4.5355000495910645,26608.693359375,466.4100036621094,30.270000457763672,,37.48500061035156,1743.75830078125,86.42501068115234
2023-09-16,4.5355000495910645,26568.28125,466.4100036621094,30.270000457763672,,37.48500061035156,1743.75830078125,86.42501068115234
2023-09-17,4.5355000495910645,26534.1875,466.4100036621094,30.270000457763672,,37.48500061035156,1743.75830078125,86.42501068115234
2023-09-18,4.53249979019165,26754.28125,466.1400146484375,30.170000076293945,,37.5099983215332,1733.2674560546875,86.23332214355469
2023-09-19,4.5295000076293945,27211.1171875,462.5799865722656,29.979999542236328,,37.61000061035156,1727.2724609375,85.82119750976562
2023-09-20,4.538000106811523,27132.0078125,465.2099914550781,30.1200008392334,,37.837501525878906,1745.2569580078125,86.29083251953125
2023-09-21,4.510000228881836,26567.6328125,455.5400085449219,29.489999771118164,,37.34000015258789,1713.7838134765625,85.16941833496094
2023-09-22,4.522500038146973,26579.568359375,455.1199951171875,29.809999465942383,,37.51250076293945,1707.7890625,85.45697021484375
2023-09-23,4.522500038146973,26579.390625,455.1199951171875,29.809999465942383,,37.51250076293945,1707.7890625,85.45697021484375
2023-09-24,4.522500038146973,26256.826171875,455.1199951171875,29.809999465942383,,37.51250076293945,1707.7890625,85.45697021484375
2023-09-25,4.506999969482422,26298.48046875,452.2099914550781,29.610000610351562,,37.334999084472656,1688.80517578125,85.15984344482422
2023-09-26,4.496500015258789,26217.25,447.9700012207031,29.270000457763672,,37.04249954223633,1677.5648193359375,84.690185546875
2023-09-27,4.488500118255615,26352.716796875,446.760009765625,29.309999465942383,,36.627498626708984,1669.072021484375,84.6326904296875
2023-09-28,4.477499961853027,27021.546875,449.55999755859375,29.309999465942383,,36.20000076293945,1663.0772705078125,84.67101287841797
2023-09-29,4.501999855041504,26911.720703125,450.75,29.420000076293945,,36.11000061035156,1681.3115234375,84.85313415527344
2023-09-30,4.501999855041504,26967.916015625,450.75,29.420000076293945,,36.11000061035156,1681.3115234375,84.85313415527344
2023-10-01,4.501999855041504,27983.75,450.75,29.420000076293945,,36.11000061035156,1681.3115234375,84.85313415527344
2023-10-02,4.4704999923706055,27530.78515625,449.0199890136719,29.209999084472656,,35.6775016784668,1664.5758056640625,84.74768829345703
2023-10-03,4.450500011444092,27429.978515625,441.6000061035156,28.850000381469727,,35.45750045776367,1632.103759765625,83.837158203125
2023-10-04,4.453999996185303,27799.39453125,443.29998779296875,28.729999542236328,,35.494998931884766,1625.8590087890625,83.46336364746094
2023-10-05,4.463500022888184,27415.912109375,442.3900146484375,28.68000030517578,,35.345001220703125,1638.348388671875,83.32917022705078
2023-10-06,4.44950008392334,27946.59765625,447.4599914550781,29.200000762939453,,35.67250061035156,1634.10205078125,83.81797790527344
2023-10-07,4.44950008392334,27968.83984375,447.4599914550781,29.200000762939453,,35.67250061035156,1634.10205078125,83.81797790527344
2023-10-08,4.44950008392334,27935.08984375,447.4599914550781,29.200000762939453,,35.67250061035156,1634.10205078125,83.81797790527344
2023-10-09,4.481500148773193,27583.677734375,449.7099914550781,28.920000076293945,,36.0525016784668,1653.8349609375,84.12468719482422
2023-10-10,4.488999843597412,27391.01953125,457.82000732421875,29.469999313354492,,36.20000076293945,1671.5699462890625,85.3323745727539
2023-10-11,4.494500160217285,26873.3203125,455.739990234375,29.6200008392334,,36.442501068115234,1670.5706787109375,84.95855712890625
2023-10-12,4.484000205993652,26756.798828125,457.4599914550781,29.479999542236328,,36.44499969482422,1674.5675048828125,85.61991119384766
2023-10-13,4.492000102996826,26862.375,453.45001220703125,29.270000457763672,,37.38999938964844,1665.5751953125,85.26526641845703
2023-10-14,4.492000102996826,26861.70703125,453.45001220703125,29.270000457763672,,37.38999938964844,1665.5751953125,85.26526641845703
2023-10-15,4.492000102996826,27159.65234375,453.45001220703125,29.270000457763672,,37.38999938964844,1665.5751953125,85.26526641845703
2023-10-16,4.472499847412109,28519.466796875,457.54998779296875,29.459999084472656,,37.400001525878906,1669.072021484375,85.58158111572266
2023-10-17,4.454999923706055,28415.748046875,457.739990234375,29.420000076293945,,37.467498779296875,1684.0594482421875,85.6869888305664
2023-10-18,4.440499782562256,28328.341796875,454.04998779296875,28.940000534057617,,37.849998474121094,1656.3333740234375,85.04483795166016
2023-10-19,4.436500072479248,28719.806640625,451.5,28.84000015258789,,38.025001525878906,1638.5982666015625,84.5751724243164
2023-10-20,4.433499813079834,29682.94921875,442.79998779296875,28.479999542236328,,38.8025016784668,1615.3680419921875,83.10871124267578
2023-10-21,4.433499813079834,29918.412109375,442.79998779296875,28.479999542236328,,38.8025016784668,1615.3680419921875,83.10871124267578
2023-10-22,4.433499813079834,29993.896484375,442.79998779296875,28.479999542236328,,38.8025016784668,1615.3680419921875,83.10871124267578
2023-10-23,4.445499897003174,33086.234375,443.1000061035156,28.43000030517578,,38.494998931884766,1595.635009765625,82.64867401123047
2023-10-24,4.44950008392334,33901.52734375,443.6300048828125,28.760000228881836,,38.1974983215332,1604.62744140625,83.25249481201172
2023-10-25,4.440000057220459,34502.8203125,441.1099853515625,28.5,,38.494998931884766,1592.88720703125,82.9649429321289
2023-10-26,4.443999767303467,34156.6484375,434.80999755859375,28.229999542236328,,38.48500061035156,1592.3878173828125,82.1694107055664
2023-10-27,4.454500198364258,33909.80078125,433.510009765625,28.350000381469727,,38.54249954223633,1582.3963623046875,81.76686096191406
2023-10-28,4.454500198364258,34089.57421875,433.510009765625,28.350000381469727,,38.54249954223633,1582.3963623046875,81.76686096191406
2023-10-29,4.454500198364258,34538.48046875,433.510009765625,28.350000381469727,,38.54249954223633,1582.3963623046875,81.76686096191406
2023-10-30,4.44950008392334,34502.36328125,433.9700012207031,28.440000534057617,,38.9275016784668,1569.157470703125,81.97772216796875
2023-10-31,4.458000183105469,34667.78125,436.4200134277344,28.139999389648438,,38.75,1595.13525390625,82.36111450195312
2023-11-01,4.468999862670898,35437.25390625,440.6499938964844,28.420000076293945,,38.470001220703125,1607.3746337890625,83.1183090209961
2023-11-02,4.493000030517578,34938.2421875,450.04998779296875,29.059999465942383,,38.567501068115234,1659.5802001953125,84.5751724243164
2023-11-03,4.521500110626221,34732.32421875,456.94000244140625,29.690000534057617,,38.76750183105469,1687.056640625,84.60393524169922
2023-11-04,4.521500110626221,35082.1953125,456.94000244140625,29.690000534057617,,38.76750183105469,1687.056640625,84.60393524169922
2023-11-05,4.521500110626221,35049.35546875,456.94000244140625,29.690000534057617,,38.76750183105469,1687.056640625,84.60393524169922
2023-11-06,4.501500129699707,35037.37109375,456.6199951171875,30.030000686645508,,38.592498779296875,1648.33984375,84.4314193725586
2023-11-07,4.518499851226807,35443.5625,458.6199951171875,29.860000610351562,,38.26250076293945,1643.5938720703125,85.08316802978516
2023-11-08,4.531499862670898,35655.27734375,457.9200134277344,29.739999771118164,,38.07500076293945,1645.842041015625,84.94896697998047
2023-11-09,4.526500225067139,36693.125,459.0400085449219,29.690000534057617,,38.1875,1647.590576171875,85.4665298461914
2023-11-10,4.509500026702881,37313.96875,457.80999755859375,29.450000762939453,,37.73249816894531,1641.3458251953125,85.4665298461914
2023-11-11,4.509500026702881,37138.05078125,457.80999755859375,29.450000762939453,,37.73249816894531,1641.3458251953125,85.4665298461914
2023-11-12,4.509500026702881,37054.51953125,457.80999755859375,29.450000762939453,,37.73249816894531,1641.3458251953125,85.4665298461914
2023-11-13,4.503499984741211,36502.35546875,462.010009765625,29.670000076293945,,37.85749816894531,1632.3536376953125,85.725341796875
2023-11-14,4.551000118255615,35537.640625,471.20001220703125,30.309999465942383,,38.22999954223633,1691.3031005859375,86.1183090209961
2023-11-15,4.538000106811523,37880.58203125,472.6000061035156,30.729999542236328,,38.157501220703125,1695.7991943359375,86.73171997070312
2023-11-16,4.558000087738037,36154.76953125,470.1199951171875,30.260000228881836,,38.630001068115234,1675.1983642578125,86.26207733154297
2023-11-17,4.559000015258789,36596.68359375,471.82000732421875,30.34000015258789,,38.56999969482422,1673.6995849609375,86.76048278808594
2023-11-18,4.559000015258789,36585.703125,471.82000732421875,30.34000015258789,,38.56999969482422,1673.6995849609375,86.76048278808594
2023-11-19,4.559000015258789,37386.546875,471.82000732421875,30.34000015258789,,38.56999969482422,1673.6995849609375,86.76048278808594
2023-11-20,4.560500144958496,37476.95703125,474.7900085449219,30.719999313354492,,38.40999984741211,1675.1983642578125,86.84674835205078
2023-11-21,4.58050012588501,35813.8125,474.6499938964844,30.59000015258789,,38.915000915527344,1662.4583740234375,86.50169372558594
2023-11-22,4.569499969482422,37432.33984375,476.8999938964844,30.520000457763672,,38.779998779296875,1673.2000732421875,87.20137786865234
2023-11-23,4.569499969482422,37289.62109375,477.7200012207031,30.65999984741211,,38.747501373291016,1667.454345703125,86.92342376708984
2023-11-24,4.559999942779541,37720.28125,477.0,30.540000915527344,,38.91749954223633,1661.2093505859375,86.44419860839844
2023-11-25,4.559999942779541,37796.79296875,477.0,30.540000915527344,,38.91749954223633,1661.2093505859375,86.44419860839844
2023-11-26,4.559999942779541,37479.12109375,477.0,30.540000915527344,,38.91749954223633,1661.2093505859375,86.44419860839844
2023-11-27,4.572500228881836,37254.16796875,476.8800048828125,30.3799991607666,,39.06999969482422,1664.95654296875,86.28125
2023-11-28,4.589000225067139,37831.0859375,478.3800048828125,30.729999542236328,,39.622501373291016,1660.709716796875,86.10871887207031
2023-11-29,4.612500190734863,37858.4921875,477.29998779296875,30.579999923706055,,39.720001220703125,1672.950439453125,86.01287078857422
2023-11-30,4.606500148773193,37712.74609375,476.3299865722656,30.6299991607666,,39.662498474121094,1677.197021484375,86.15664672851562
2023-12-01,4.625,38688.75,479.95001220703125,30.649999618530273,,40.025001525878906,1702.177490234375,86.5400390625
2023-12-02,4.625,39476.33203125,479.95001220703125,30.649999618530273,,40.025001525878906,1702.177490234375,86.5400390625
2023-12-03,4.625,39978.390625,479.95001220703125,30.649999618530273,,40.025001525878906,1702.177490234375,86.5400390625
2023-12-04,4.617499828338623,41980.09765625,477.05999755859375,30.43000030517578,,39.40999984741211,1717.665283203125,86.39627075195312
2023-12-05,4.648499965667725,44080.6484375,478.8599853515625,30.209999084472656,,39.147499084472656,1724.410400390625,86.60713195800781
2023-12-06,4.656000137329102,43746.4453125,478.1000061035156,30.3700008392334,,39.41749954223633,1738.649169921875,86.88507843017578
2023-12-07,4.6545000076293945,43292.6640625,479.80999755859375,30.3700008392334,,39.435001373291016,1736.1510009765625,87.04801940917969
2023-12-08,4.631499767303467,44166.6015625,481.010009765625,30.280000686645508,,39.03499984741211,1733.403564453125,87.50810241699219
2023-12-09,4.631499767303467,43725.984375,481.010009765625,30.280000686645508,,39.03499984741211,1733.403564453125,87.50810241699219
2023-12-10,4.631499767303467,43779.69921875,481.010009765625,30.280000686645508,,39.03499984741211,1733.403564453125,87.50810241699219
2023-12-11,4.634500026702881,41243.83203125,482.44000244140625,30.40999984741211,,38.557498931884766,1735.9012451171875,87.67102813720703
2023-12-12,4.644000053405762,41450.22265625,485.0799865722656,30.3799991607666,,38.52750015258789,1743.645263671875,87.96814727783203
2023-12-13,4.6595001220703125,42890.7421875,487.510009765625,30.260000228881836,,38.537498474121094,1761.1317138671875,88.38987731933594
2023-12-14,4.7129998207092285,43023.97265625,494.75,31.200000762939453,,39.6775016784668,1828.0797119140625,88.4286880493164
2023-12-15,4.71750020980835,41929.7578125,495.1099853515625,31.18000030517578,,39.61000061035156,1822.583984375,88.86150360107422
2023-12-16,4.71750020980835,42240.1171875,495.1099853515625,31.18000030517578,,39.61000061035156,1822.583984375,88.86150360107422
2023-12-17,4.71750020980835,41364.6640625,495.1099853515625,31.18000030517578,,39.61000061035156,1822.583984375,88.86150360107422
2023-12-18,4.7104997634887695,42623.5390625,496.989990234375,30.899999618530273,,39.36249923706055,1817.088134765625,89.15966796875
2023-12-19,4.72599983215332,42270.52734375,499.1099853515625,31.239999771118164,,39.81999969482422,1813.09130859375,89.111572265625
2023-12-20,4.7195000648498535,43652.25,499.7900085449219,31.030000686645508,,39.592498779296875,1835.07421875,89.74637603759766
2023-12-21,4.738999843597412,43869.15234375,496.3800048828125,31.18000030517578,,39.76250076293945,1818.5869140625,89.44821166992188
2023-12-22,4.7270002365112305,43997.90234375,497.94000244140625,31.010000228881836,,40.182498931884766,1817.088134765625,89.1981430053711
2023-12-23,4.7270002365112305,43739.54296875,497.94000244140625,31.010000228881836,,40.182498931884766,1817.088134765625,89.1981430053711
2023-12-24,4.7270002365112305,43016.1171875,497.94000244140625,31.010000228881836,,40.182498931884766,1817.088134765625,89.1981430053711
2023-12-25,4.7270002365112305,43613.140625,497.94000244140625,31.010000228881836,,40.182498931884766,1817.088134765625,89.1981430053711
2023-12-26,,42520.40234375,,,,,,
2023-12-27,4.757500171661377,43442.85546875,500.739990234375,31.520000457763672,,40.497501373291016,1831.077392578125,89.44821166992188
2023-12-28,4.749000072479248,42627.85546875,501.9599914550781,31.81999969482422,,40.375,1843.068115234375,90.07337951660156
2023-12-29,4.73799991607666,42099.40234375,502.0,31.799999237060547,,40.209999084472656,1855.0587158203125,90.01567077636719
2023-12-30,4.73799991607666,42156.90234375,502.0,31.799999237060547,,40.209999084472656,1855.0587158203125,90.01567077636719
2023-12-31,4.73799991607666,42265.1875,502.0,31.799999237060547,,40.209999084472656,1855.0587158203125,90.01567077636719
2024-01-01,4.73799991607666,44167.33203125,502.0,31.799999237060547,,40.209999084472656,1855.0587158203125,90.01567077636719
2024-01-02,4.728499889373779,44957.96875,497.5899963378906,31.469999313354492,,40.17499923706055,1854.5592041015625,90.034912109375
2024-01-03,4.71999979019165,42848.17578125,494.6499938964844,31.280000686645508,,39.59000015258789,1822.08447265625,89.13082122802734
2024-01-04,4.71150016784668,44179.921875,495.29998779296875,31.31999969482422,,39.79750061035156,1813.591064453125,89.13082122802734
2024-01-05,4.709000110626221,44162.69140625,494.1000061035156,31.3799991607666,,39.92499923706055,1806.0970458984375,88.71723937988281
2024-01-06,4.709000110626221,43989.1953125,494.1000061035156,31.3799991607666,,39.92499923706055,1806.0970458984375,88.71723937988281
2024-01-07,4.709000110626221,43943.09765625,494.1000061035156,31.3799991607666,,39.92499923706055,1806.0970458984375,88.71723937988281
2024-01-08,4.704500198364258,46970.50390625,495.29998779296875,31.309999465942383,,39.5625,1815.08984375,88.74608612060547
2024-01-09,4.699999809265137,46139.73046875,498.260009765625,30.979999542236328,,39.48500061035156,1813.3411865234375,89.23660278320312
2024-01-10,4.698999881744385,46627.77734375,499.57000732421875,30.81999969482422,,39.404998779296875,1819.0865478515625,89.31355285644531
2024-01-11,4.692999839782715,46368.5859375,497.75,30.81999969482422,,39.25,1803.5986328125,89.10195922851562
2024-01-12,4.7164998054504395,42853.16796875,501.69000244140625,31.209999084472656,,39.94499969482422,1811.0928955078125,89.59246826171875
2024-01-13,4.7164998054504395,42842.3828125,501.69000244140625,31.209999084472656,,39.94499969482422,1811.0928955078125,89.59246826171875
2024-01-14,4.7164998054504395,41796.26953125,501.69000244140625,31.209999084472656,,39.94499969482422,1811.0928955078125,89.59246826171875
2024-01-15,4.715000152587891,42511.96875,501.6099853515625,31.010000228881836,,40.025001525878906,1812.5916748046875,89.5828628540039
2024-01-16,4.709000110626221,43154.9453125,501.4200134277344,30.559999465942383,,39.61750030517578,1810.09375,89.67903900146484
2024-01-17,4.689000129699707,42742.65234375,497.67999267578125,29.8700008392334,,39.092498779296875,1769.1256103515625,88.66914367675781
2024-01-18,4.686999797821045,41262.05859375,499.8599853515625,30.209999084472656,,39.220001220703125,1753.1380615234375,89.04425048828125
2024-01-19,4.678500175476074,41618.40625,503.80999755859375,30.270000457763672,,39.40250015258789,1763.6298828125,89.55401611328125
2024-01-20,4.678500175476074,41665.5859375,503.80999755859375,30.270000457763672,,39.40250015258789,1763.6298828125,89.55401611328125
2024-01-21,4.678500175476074,41545.78515625,503.80999755859375,30.270000457763672,,39.40250015258789,1763.6298828125,89.55401611328125
2024-01-22,4.689000129699707,39507.3671875,509.30999755859375,30.280000686645508,,39.372501373291016,1780.866455078125,90.13108825683594
2024-01-23,4.674499988555908,39845.55078125,508.4100036621094,30.40999984741211,,39.400001525878906,1769.875,90.29460906982422
2024-01-24,4.677999973297119,40077.07421875,513.5,30.979999542236328,,39.20000076293945,1765.1287841796875,90.7658920288086
2024-01-25,4.6875,39933.80859375,513.4600219726562,30.84000015258789,,39.2400016784668,1763.8797607421875,90.95824432373047
2024-01-26,4.688000202178955,41816.87109375,515.1199951171875,30.969999313354492,,39.282501220703125,1764.629150390625,91.1506118774414
2024-01-27,4.688000202178955,42120.0546875,515.1199951171875,30.969999313354492,,39.282501220703125,1764.629150390625,91.1506118774414
2024-01-28,4.688000202178955,42035.59375,515.1199951171875,30.969999313354492,,39.282501220703125,1764.629150390625,91.1506118774414
2024-01-29,4.699999809265137,43288.24609375,513.5499877929688,30.809999465942383,,39.439998626708984,1771.123779296875,91.31412506103516
2024-01-30,4.696499824523926,42952.609375,517.010009765625,30.6299991607666,,39.540000915527344,1769.625,91.7565689086914
2024-01-31,4.723499774932861,42582.60546875,512.5800170898438,30.75,,39.88999938964844,1772.123291015625,91.00634002685547
2024-02-01,4.749499797821045,43075.7734375,511.1300048828125,30.729999542236328,,40.07500076293945,1740.647705078125,90.83321380615234
2024-02-02,4.70550012588501,43185.859375,519.1400146484375,30.579999923706055,,39.567501068115234,1747.6422119140625,92.0547103881836
2024-02-03,4.70550012588501,42992.25,519.1400146484375,30.579999923706055,,39.567501068115234,1747.6422119140625,92.0547103881836
2024-02-04,4.70550012588501,42583.58203125,519.1400146484375,30.579999923706055,,39.567501068115234,1747.6422119140625,92.0547103881836
2024-02-05,4.682499885559082,42658.66796875,517.6699829101562,30.639999389648438,,39.35749816894531,1747.89208984375,92.56446838378906
2024-02-06,4.691999912261963,43084.671875,519.260009765625,31.3700008392334,,39.622501373291016,1754.6368408203125,92.68949890136719
2024-02-07,4.690499782562256,44318.22265625,523.0800170898438,31.3799991607666,,39.67499923706055,1746.1434326171875,92.90110778808594
2024-02-08,4.679500102996826,45301.56640625,523.8300170898438,31.270000457763672,,39.45750045776367,1747.6422119140625,92.97804260253906
2024-02-09,4.674499988555908,47147.19921875,525.9400024414062,31.239999771118164,,39.337501525878906,1742.396484375,93.122314453125
2024-02-10,4.674499988555908,47771.27734375,525.9400024414062,31.239999771118164,,39.337501525878906,1742.396484375,93.122314453125
2024-02-11,4.674499988555908,48293.91796875,525.9400024414062,31.239999771118164,,39.337501525878906,1742.396484375,93.122314453125
2024-02-12,4.672500133514404,49958.22265625,530.0,31.739999771118164,,39.20000076293945,1763.1302490234375,93.93024444580078
2024-02-13,4.6645002365112305,49742.44140625,521.5700073242188,31.059999465942383,,38.834999084472656,1723.1611328125,92.65103912353516
2024-02-14,4.663000106811523,51826.6953125,522.3400268554688,31.440000534057617,,38.755001068115234,1738.649169921875,93.29544067382812
2024-02-15,4.676499843597412,51938.5546875,525.6599731445312,31.520000457763672,,38.915000915527344,1746.5338134765625,93.75711822509766
2024-02-16,4.668000221252441,52160.203125,528.22998046875,31.829999923706055,,39.092498779296875,1751.7802734375,94.23802947998047
2024-02-17,4.668000221252441,51662.99609375,528.22998046875,31.829999923706055,,39.092498779296875,1751.7802734375,94.23802947998047
2024-02-18,4.668000221252441,52122.546875,528.22998046875,31.829999923706055,,39.092498779296875,1751.7802734375,94.23802947998047
2024-02-19,4.6645002365112305,51779.14453125,526.1500244140625,31.770000457763672,,39.217498779296875,1742.286865234375,94.10335540771484
2024-02-20,4.679500102996826,52284.875,522.1500244140625,31.81999969482422,,39.4474983215332,1736.2908935546875,93.20887756347656
2024-02-21,4.669000148773193,51839.1796875,521.8400268554688,31.889999389648438,,39.39250183105469,1743.285888671875,93.28582000732422
2024-02-22,4.66949987411499,51304.97265625,532.4099731445312,32.11000061035156,,39.317501068115234,1747.7830810546875,94.62273406982422
2024-02-23,4.682499885559082,50731.94921875,534.8499755859375,32.150001525878906,,39.625,1740.2880859375,94.77661895751953
2024-02-24,4.682499885559082,51571.1015625,534.8499755859375,32.150001525878906,,39.625,1740.2880859375,94.77661895751953
2024-02-25,4.682499885559082,51733.23828125,534.8499755859375,32.150001525878906,,39.625,1740.2880859375,94.77661895751953
2024-02-26,4.676000118255615,54522.40234375,533.9600219726562,32.060001373291016,,39.45000076293945,1725.2987060546875,94.61792755126953
2024-02-27,4.673999786376953,57085.37109375,532.510009765625,32.150001525878906,,39.564998626708984,1726.7974853515625,94.42557525634766
2024-02-28,4.673500061035156,62504.7890625,532.9500122070312,31.670000076293945,,39.55500030517578,1723.7996826171875,94.44961547851562
2024-02-29,4.6875,61198.3828125,533.3900146484375,31.700000762939453,,39.775001525878906,1736.2908935546875,94.63236236572266
2024-03-01,4.690999984741211,62440.6328125,537.2999877929688,32.119998931884766,,40.3849983215332,1744.03564453125,95.44989013671875
2024-03-02,4.690999984741211,62029.84765625,537.2999877929688,32.119998931884766,,40.3849983215332,1744.03564453125,95.44989013671875
2024-03-03,4.690999984741211,63167.37109375,537.2999877929688,32.119998931884766,,40.3849983215332,1744.03564453125,95.44989013671875
2024-03-04,4.6875,68330.4140625,539.260009765625,32.06999969482422,,41.209999084472656,1742.286865234375,95.23348999023438
2024-03-05,4.706500053405762,63801.19921875,534.760009765625,31.860000610351562,,41.40250015258789,1746.2840576171875,94.44000244140625
2024-03-06,4.7129998207092285,66106.8046875,537.510009765625,32.310001373291016,,41.72249984741211,1741.7869873046875,94.9786148071289
2024-03-07,4.7179999351501465,66925.484375,540.989990234375,32.380001068115234,,41.912498474121094,1740.5380859375,95.30563354492188
2024-03-08,4.724999904632568,68300.09375,541.7899780273438,32.43000030517578,,42.34000015258789,1750.0316162109375,94.94014739990234
2024-03-09,4.724999904632568,68498.8828125,541.7899780273438,32.43000030517578,,42.34000015258789,1750.0316162109375,94.94014739990234
2024-03-10,4.724999904632568,69019.7890625,541.7899780273438,32.43000030517578,,42.34000015258789,1750.0316162109375,94.94014739990234
2024-03-11,4.718999862670898,72123.90625,537.5900268554688,32.5099983215332,,42.432498931884766,1753.279296875,94.63236236572266
2024-03-12,4.71750020980835,71481.2890625,542.0599975585938,32.77000045776367,,42.0724983215332,1751.7802734375,95.5653076171875
2024-03-13,4.70550012588501,73083.5,543.2999877929688,32.630001068115234,,42.252498626708984,1757.7760009765625,95.59416198730469
2024-03-14,4.689499855041504,71396.59375,541.8400268554688,32.540000915527344,,42.0099983215332,1729.79541015625,95.19500732421875
2024-03-15,4.684999942779541,69403.7734375,537.5399780273438,32.33000183105469,,42.0625,1727.2972412109375,95.0571517944336
2024-03-16,4.684999942779541,65315.1171875,537.5399780273438,32.33000183105469,,42.0625,1727.2972412109375,95.0571517944336
2024-03-17,4.684999942779541,68390.625,537.5399780273438,32.33000183105469,,42.0625,1727.2972412109375,95.0571517944336
2024-03-18,4.683499813079834,67548.59375,542.6300048828125,32.349998474121094,,41.97999954223633,1738.7891845703125,95.77106475830078
2024-03-19,4.688000202178955,61912.7734375,543.010009765625,32.189998626708984,,41.90250015258789,1743.285888671875,95.80001831054688
2024-03-20,4.696499824523926,67913.671875,544.4500122070312,32.279998779296875,,41.97249984741211,1747.2833251953125,96.02190399169922
2024-03-21,4.701000213623047,65491.390625,552.8900146484375,32.689998626708984,,42.349998474121094,1775.263916015625,97.74881744384766
2024-03-22,4.709499835968018,63778.76171875,550.0399780273438,32.41999816894531,,42.1150016784668,1775.263916015625,97.7391586303711
2024-03-23,4.709499835968018,64062.203125,550.0399780273438,32.41999816894531,,42.1150016784668,1775.263916015625,97.7391586303711
2024-03-24,4.709499835968018,67234.171875,550.0399780273438,32.41999816894531,,42.1150016784668,1775.263916015625,97.7391586303711
2024-03-25,4.703000068664551,69958.8125,549.469970703125,32.45000076293945,,42.345001220703125,1766.270263671875,97.42080688476562
2024-03-26,4.704999923706055,69987.8359375,549.739990234375,32.43000030517578,,42.35749816894531,1763.7718505859375,97.67645263671875
2024-03-27,4.7210001945495605,69455.34375,549.0599975585938,32.38999938964844,,42.6349983215332,1784.0076904296875,97.52691650390625
2024-03-28,4.7220001220703125,70744.953125,552.489990234375,32.59000015258789,,43.185001373291016,1802.7447509765625,97.9224624633789
2024-03-29,4.7220001220703125,69892.828125,552.489990234375,32.59000015258789,,43.185001373291016,1802.7447509765625,97.9224624633789
2024-03-30,4.7220001220703125,69645.3046875,552.489990234375,32.59000015258789,,43.185001373291016,1802.7447509765625,97.9224624633789
2024-03-31,4.7220001220703125,71333.6484375,552.489990234375,32.59000015258789,,43.185001373291016,1802.7447509765625,97.9224624633789
2024-04-01,,69702.1484375,,,,,,
2024-04-02,4.688000202178955,65446.97265625,546.6400146484375,32.790000915527344,,43.84000015258789,1768.7684326171875,97.45938873291016
2024-04-03,4.690999984741211,65980.8125,549.75,32.79999923706055,,44.494998931884766,1753.279296875,97.57516479492188
2024-04-04,4.698999881744385,68508.84375,551.7000122070312,33.130001068115234,,44.59000015258789,1770.7669677734375,97.77776336669922
2024-04-05,4.692999839782715,67837.640625,546.4099731445312,32.7400016784668,,45.18000030517578,1754.5283203125,97.14102172851562
2024-04-06,4.692999839782715,68896.109375,546.4099731445312,32.7400016784668,,45.18000030517578,1754.5283203125,97.14102172851562
2024-04-07,4.692999839782715,69362.5546875,546.4099731445312,32.7400016784668,,45.18000030517578,1754.5283203125,97.14102172851562
2024-04-08,4.683499813079834,71631.359375,548.0900268554688,33.029998779296875,,45.34000015258789,1775.763427734375,97.34362030029297
2024-04-09,4.698999881744385,69139.015625,544.6099853515625,33.119998931884766,,45.61750030517578,1783.7578125,96.72618103027344
2024-04-10,4.672500133514404,70587.8828125,542.510009765625,32.68000030517578,,45.52000045776367,1752.27978515625,97.0638427734375
2024-04-11,4.65500020980835,70060.609375,542.22998046875,32.779998779296875,,45.4900016784668,1747.2833251953125,97.16031646728516
2024-04-12,4.673500061035156,67195.8671875,542.3300170898438,32.31999969482422,,46.57749938964844,1754.028564453125,97.43045043945312
2024-04-13,4.673500061035156,63821.47265625,542.3300170898438,32.31999969482422,,46.57749938964844,1754.028564453125,97.43045043945312
2024-04-14,4.673500061035156,65738.7265625,542.3300170898438,32.31999969482422,,46.57749938964844,1754.028564453125,97.43045043945312
2024-04-15,4.6504998207092285,63426.2109375,540.52001953125,32.209999084472656,,45.6974983215332,1735.291748046875,97.11209106445312
2024-04-16,4.635000228881836,63811.86328125,532.1199951171875,31.579999923706055,,46.36249923706055,1709.309814453125,95.72284698486328
2024-04-17,4.644000053405762,61276.69140625,529.3699951171875,31.559999465942383,,46.38999938964844,1691.8218994140625,95.10539245605469
2024-04-18,4.642000198364258,63512.75390625,531.2899780273438,31.860000610351562,,46.35749816894531,1699.316650390625,95.51058197021484
2024-04-19,4.648499965667725,63843.5703125,525.22998046875,31.600000381469727,,46.494998931884766,1710.8087158203125,95.14397430419922
2024-04-20,4.648499965667725,64994.44140625,525.22998046875,31.600000381469727,,46.494998931884766,1710.8087158203125,95.14397430419922
2024-04-21,4.648499965667725,64926.64453125,525.22998046875,31.600000381469727,,46.494998931884766,1710.8087158203125,95.14397430419922
2024-04-22,4.649499893188477,66837.6796875,524.1699829101562,31.729999542236328,,45.467498779296875,1724.7989501953125,95.69389343261719
2024-04-23,4.6554999351501465,66407.2734375,532.8300170898438,32.119998931884766,,45.13999938964844,1737.789794921875,96.3981704711914
2024-04-24,4.635499954223633,64276.8984375,533.1699829101562,32.25,,45.29249954223633,1724.7989501953125,96.40780639648438
2024-04-25,4.625,64481.70703125,527.22998046875,32.22999954223633,,45.377498626708984,1708.0606689453125,95.36587524414062
2024-04-26,4.640500068664551,63755.3203125,536.2999877929688,32.619998931884766,,45.377498626708984,1730.2952880859375,96.73580932617188
2024-04-27,4.640500068664551,63419.140625,536.2999877929688,32.619998931884766,,45.377498626708984,1730.2952880859375,96.73580932617188
2024-04-28,4.640500068664551,63113.23046875,536.2999877929688,32.619998931884766,,45.377498626708984,1730.2952880859375,96.73580932617188
2024-04-29,4.648499965667725,63841.12109375,537.4000244140625,32.939998626708984,,45.46500015258789,1731.794189453125,96.44640350341797
2024-04-30,4.642499923706055,60636.85546875,534.47998046875,32.72999954223633,,44.68000030517578,1726.2978515625,96.13768005371094
2024-05-01,4.642499923706055,58254.01171875,528.75,32.685001373291016,,44.939998626708984,1723.5498046875,95.45271301269531
2024-05-02,4.652500152587891,59123.43359375,529.5800170898438,33.22999954223633,,44.772499084472656,1735.7913818359375,95.97366333007812
2024-05-03,4.673500061035156,62889.8359375,538.7100219726562,33.599998474121094,,44.630001068115234,1757.7760009765625,96.914306640625
2024-05-04,4.673500061035156,63891.47265625,538.7100219726562,33.599998474121094,,44.630001068115234,1757.7760009765625,96.914306640625
2024-05-05,4.673500061035156,64031.1328125,538.7100219726562,33.599998474121094,,44.630001068115234,1757.7760009765625,96.914306640625
2024-05-06,4.678999900817871,63161.94921875,538.7100219726562,33.599998474121094,,44.630001068115234,1757.7760009765625,96.914306640625
2024-05-07,4.690499782562256,62334.81640625,546.5800170898438,33.529998779296875,,45.022499084472656,1777.262451171875,98.27942657470703
2024-05-08,4.679999828338623,61187.94140625,545.77001953125,33.459999084472656,,45.1150016784668,1769.26806640625,98.38555908203125
2024-05-09,4.677499771118164,63049.9609375,548.0900268554688,33.5,,45.38750076293945,1769.767578125,98.63638305664062
2024-05-10,4.673500061035156,60792.77734375,549.2999877929688,33.61000061035156,,45.96500015258789,1774.7640380859375,98.93547058105469
2024-05-11,4.673500061035156,60793.7109375,549.2999877929688,33.61000061035156,,45.96500015258789,1774.7640380859375,98.93547058105469
2024-05-12,4.673500061035156,61448.39453125,549.2999877929688,33.61000061035156,,45.96500015258789,1774.7640380859375,98.93547058105469
2024-05-13,4.680500030517578,62901.44921875,549.75,33.84000015258789,,45.38999938964844,1773.0152587890625,98.77145385742188
2024-05-14,4.674499988555908,61552.7890625,550.239990234375,33.959999084472656,,45.76250076293945,1778.2615966796875,98.70391845703125
2024-05-15,4.702499866485596,66267.4921875,557.2100219726562,34.369998931884766,,46.32749938964844,1790.7530517578125,99.23454284667969
2024-05-16,4.703000068664551,65231.58203125,560.8099975585938,34.5099983215332,,46.3224983215332,1775.9267578125,99.60115051269531
2024-05-17,4.690999984741211,67051.875,557.97998046875,34.63999938964844,,46.83000183105469,1766.4326171875,99.08980560302734
2024-05-18,4.690999984741211,66940.8046875,557.97998046875,34.63999938964844,,46.83000183105469,1766.4326171875,99.08980560302734
2024-05-19,4.690999984741211,66278.3671875,557.97998046875,34.63999938964844,,46.83000183105469,1766.4326171875,99.08980560302734
2024-05-20,4.684999942779541,71448.1953125,561.0399780273438,34.54999923706055,,47.14500045776367,1769.930419921875,99.51432037353516
2024-05-21,4.690499782562256,70136.53125,559.6699829101562,34.29999923706055,,47.2599983215332,1754.9395751953125,99.08980560302734
2024-05-22,4.685999870300293,69122.3359375,560.4099731445312,34.2599983215332,,46.45750045776367,1749.4427490234375,98.8968734741211
2024-05-23,4.670000076293945,67929.5625,560.0999755859375,34.13999938964844,,45.584999084472656,1721.95947265625,98.8968734741211
2024-05-24,4.678500175476074,68526.1015625,559.3699951171875,34.099998474121094,,45.42499923706055,1707.9678955078125,98.53025817871094
2024-05-25,4.678500175476074,69265.9453125,559.3699951171875,34.099998474121094,,45.42499923706055,1707.9678955078125,98.53025817871094
2024-05-26,4.678500175476074,68518.09375,559.3699951171875,34.099998474121094,,45.42499923706055,1707.9678955078125,98.53025817871094
2024-05-27,4.680500030517578,69394.5546875,559.3699951171875,34.099998474121094,,45.42499923706055,1707.9678955078125,98.53025817871094
2024-05-28,4.676000118255615,68296.21875,559.1400146484375,34.06999969482422,,45.872501373291016,1703.9703369140625,98.28907775878906
2024-05-29,4.646500110626221,67578.09375,555.72998046875,33.529998779296875,,45.459999084472656,1679.2352294921875,97.78739929199219
2024-05-30,4.6620001792907715,68364.9921875,553.5900268554688,33.52000045776367,,45.592498779296875,1700.2225341796875,97.49797058105469
2024-05-31,4.669000148773193,67491.4140625,548.969970703125,33.0,,45.29249954223633,1716.4627685546875,97.0252456665039
2024-06-01,4.669000148773193,67706.9375,548.969970703125,33.0,,45.29249954223633,1716.4627685546875,97.0252456665039
2024-06-02,4.669000148773193,67751.6015625,548.969970703125,33.0,,45.29249954223633,1716.4627685546875,97.0252456665039
2024-06-03,4.684000015258789,68804.78125,555.25,33.4900016784668,,45.54249954223633,1725.4573974609375,97.66200256347656
2024-06-04,4.700500011444092,70567.765625,554.6199951171875,32.939998626708984,,45.23500061035156,1735.451171875,97.30020904541016
2024-06-05,4.715000152587891,71082.8203125,561.6799926757812,33.560001373291016,,45.79499816894531,1739.448974609375,98.46273803710938
2024-06-06,4.705999851226807,70757.1640625,564.030029296875,33.7599983215332,,46.21500015258789,1735.9510498046875,98.90650939941406
2024-06-07,4.690499782562256,69342.5859375,564.989990234375,33.619998931884766,,44.880001068115234,1724.707763671875,99.12841796875
2024-06-08,4.690499782562256,69305.7734375,564.989990234375,33.619998931884766,,44.880001068115234,1724.707763671875,99.12841796875
2024-06-09,4.690499782562256,69647.9921875,564.989990234375,33.619998931884766,,44.880001068115234,1724.707763671875,99.12841796875
2024-06-10,4.677999973297119,69512.28125,564.27001953125,33.630001068115234,,44.83000183105469,1723.45849609375,98.9161605834961
2024-06-11,4.682499885559082,67332.03125,564.4099731445312,33.369998931884766,,44.95750045776367,1713.9642333984375,98.65568542480469
2024-06-12,4.718500137329102,68241.1875,573.3300170898438,34.02000045776367,,45.32749938964844,1731.20361328125,99.34065246582031
2024-06-13,4.718500137329102,66756.3984375,571.489990234375,33.84000015258789,,44.8849983215332,1717.9617919921875,99.11539459228516
2024-06-14,4.734000205993652,66011.09375,571.5599975585938,33.810001373291016,,45.275001525878906,1730.953857421875,99.42598724365234
2024-06-15,4.734000205993652,66191.0,571.5599975585938,33.810001373291016,,45.275001525878906,1730.953857421875,99.42598724365234
2024-06-16,4.734000205993652,66639.046875,571.5599975585938,33.810001373291016,,45.275001525878906,1730.953857421875,99.42598724365234
2024-06-17,4.7195000648498535,66490.296875,574.030029296875,33.95000076293945,,44.98249816894531,1719.4609375,99.63949584960938
2024-06-18,4.723499774932861,65140.74609375,577.530029296875,34.33000183105469,,45.20249938964844,1729.9544677734375,100.34803009033203
2024-06-19,4.729000091552734,64960.296875,579.280029296875,34.54999923706055,,45.26750183105469,1720.4603271484375,100.32862091064453
2024-06-20,4.721499919891357,64828.65625,579.75,34.36000061035156,,45.790000915527344,1725.4573974609375,100.79450225830078
2024-06-21,4.722499847412109,64096.19921875,576.22998046875,34.220001220703125,,45.26499938964844,1728.955322265625,100.54214477539062
2024-06-22,4.722499847412109,64252.578125,576.22998046875,34.220001220703125,,45.26499938964844,1728.955322265625,100.54214477539062
2024-06-23,4.722499847412109,63180.796875,576.22998046875,34.220001220703125,,45.26499938964844,1728.955322265625,100.54214477539062
2024-06-24,4.72599983215332,60277.4140625,578.3800048828125,34.34000015258789,,45.3125,1746.4444580078125,100.60038757324219
2024-06-25,4.730999946594238,61804.640625,576.4400024414062,34.029998779296875,,45.067501068115234,1725.2073974609375,100.41596221923828
2024-06-26,4.715000152587891,60811.27734375,575.7999877929688,34.0,,44.7400016784668,1727.955810546875,100.63920593261719
2024-06-27,4.721499919891357,61604.80078125,577.3499755859375,34.06999969482422,,45.252498626708984,1730.704345703125,100.62950134277344
2024-06-28,4.7129998207092285,60320.13671875,580.4199829101562,34.310001373291016,,45.28499984741211,1739.6986083984375,101.19244384765625
2024-06-29,4.7129998207092285,60887.37890625,580.4199829101562,34.310001373291016,,45.28499984741211,1739.6986083984375,101.19244384765625
2024-06-30,4.7129998207092285,62678.29296875,580.4199829101562,34.310001373291016,,45.28499984741211,1739.6986083984375,101.19244384765625
2024-07-01,4.684999942779541,62851.98046875,576.3800048828125,34.27000045776367,,45.275001525878906,1729.454833984375,100.66832733154297
2024-07-02,4.690499782562256,62029.015625,578.3499755859375,34.189998626708984,,45.255001068115234,1737.4500732421875,100.64891052246094
2024-07-03,4.710000038146973,60173.921875,582.6199951171875,34.790000915527344,,45.92499923706055,1735.9510498046875,100.96920013427734
2024-07-04,4.707499980926514,56977.703125,583.6799926757812,34.90999984741211,,45.900001525878906,1735.451171875,101.28949737548828
2024-07-05,4.7230000495910645,56662.375,585.719970703125,34.900001525878906,,46.41749954223633,1731.9534912109375,101.07595825195312
2024-07-06,4.7230000495910645,58303.5390625,585.719970703125,34.900001525878906,,46.41749954223633,1731.9534912109375,101.07595825195312
2024-07-07,4.7230000495910645,55849.109375,585.719970703125,34.900001525878906,,46.41749954223633,1731.9534912109375,101.07595825195312
2024-07-08,4.7220001220703125,56705.09765625,587.6400146484375,35.040000915527344,,46.037498474121094,1728.955322265625,101.17301940917969
2024-07-09,4.711999893188477,58009.2265625,588.9000244140625,35.060001373291016,,45.779998779296875,1729.9544677734375,101.44964599609375
2024-07-10,4.723499774932861,57742.49609375,590.5599975585938,35.25,,46.290000915527344,1734.95166015625,101.56610107421875
2024-07-11,4.747499942779541,57344.9140625,590.2000122070312,35.529998779296875,,47.130001068115234,1773.1783447265625,101.28949737548828
2024-07-12,4.745999813079834,57899.46484375,594.52001953125,35.70000076293945,,46.880001068115234,1780.673828125,101.57096099853516
2024-07-13,4.745999813079834,59231.953125,594.52001953125,35.70000076293945,,46.880001068115234,1780.673828125,101.57096099853516
2024-07-14,4.745999813079834,60787.79296875,594.52001953125,35.70000076293945,,46.880001068115234,1780.673828125,101.57096099853516
2024-07-15,4.750999927520752,64870.15234375,596.6400146484375,35.470001220703125,,47.345001220703125,1789.418701171875,101.59037017822266
2024-07-16,4.750999927520752,65097.1484375,596.1199951171875,35.400001525878906,,47.85749816894531,1794.66552734375,101.59037017822266
2024-07-17,4.757500171661377,64118.79296875,591.239990234375,35.060001373291016,,47.9275016784668,1815.40283203125,100.63433837890625
2024-07-18,4.761000156402588,63974.06640625,586.4500122070312,34.720001220703125,,47.92499923706055,1822.3985595703125,100.12480163574219
2024-07-19,4.741499900817871,66710.15625,582.0700073242188,34.31999969482422,,46.7599983215332,1796.414306640625,99.73656463623047
2024-07-20,4.741499900817871,67163.6484375,582.0700073242188,34.31999969482422,,46.7599983215332,1796.414306640625,99.73656463623047
2024-07-21,4.741499900817871,68154.5234375,582.0700073242188,34.31999969482422,,46.7599983215332,1796.414306640625,99.73656463623047
2024-07-22,4.741000175476074,67585.25,584.0,34.45000076293945,,46.38999938964844,1812.4046630859375,100.14421844482422
2024-07-23,4.749499797821045,65927.671875,589.4400024414062,34.40999984741211,,46.76250076293945,1815.9027099609375,100.74597930908203
2024-07-24,4.744999885559082,65372.1328125,577.1699829101562,34.130001068115234,,47.224998474121094,1809.90625,99.03775024414062
2024-07-25,4.751500129699707,65777.2265625,575.3800048828125,33.86000061035156,,45.95750045776367,1799.9122314453125,98.86305236816406
2024-07-26,4.75600004196167,67912.0625,575.1500244140625,34.060001373291016,,46.36750030517578,1800.9117431640625,99.27069091796875
2024-07-27,4.75600004196167,67813.3359375,575.1500244140625,34.060001373291016,,46.36750030517578,1800.9117431640625,99.27069091796875
2024-07-28,4.75600004196167,68255.8671875,575.1500244140625,34.060001373291016,,46.36750030517578,1800.9117431640625,99.27069091796875
2024-07-29,4.760000228881836,66819.9140625,575.0999755859375,33.91999816894531,,46.182498931884766,1811.155517578125,99.17362976074219
2024-07-30,4.773499965667725,66201.015625,574.030029296875,33.900001525878906,,46.42250061035156,1823.89794921875,99.25127410888672
2024-07-31,4.781499862670898,64619.25,583.8400268554688,34.59000015258789,,47.13249969482422,1838.8887939453125,100.83816528320312
2024-08-01,4.803999900817871,65357.5,578.0900268554688,34.20000076293945,,47.627498626708984,1832.392822265625,100.04715728759766
2024-08-02,4.835999965667725,61415.06640625,561.1500244140625,33.380001068115234,,47.162498474121094,1823.89794921875,97.07717895507812
2024-08-03,4.835999965667725,60680.09375,561.1500244140625,33.380001068115234,,47.162498474121094,1823.89794921875,97.07717895507812
2024-08-04,4.835999965667725,58116.9765625,561.1500244140625,33.380001068115234,,47.162498474121094,1823.89794921875,97.07717895507812
2024-08-05,4.835000038146973,53991.45703125,550.9600219726562,32.369998931884766,,46.782501220703125,1824.897216796875,95.37866973876953
2024-08-06,4.821000099182129,56034.31640625,554.2100219726562,32.5,,46.369998931884766,1834.89111328125,96.47543334960938
2024-08-07,4.808000087738037,55027.4609375,560.75,33.279998779296875,,46.54499816894531,1865.3729248046875,97.76144409179688
2024-08-08,4.801499843597412,61710.13671875,559.0499877929688,33.529998779296875,,47.04249954223633,1848.8826904296875,97.62071228027344
2024-08-09,4.820499897003174,60880.11328125,562.4400024414062,33.68000030517578,,47.20500183105469,1846.884033203125,97.88275909423828
2024-08-10,4.820499897003174,60945.8125,562.4400024414062,33.68000030517578,,47.20500183105469,1846.884033203125,97.88275909423828
2024-08-11,4.820499897003174,58719.484375,562.4400024414062,33.68000030517578,,47.20500183105469,1846.884033203125,97.88275909423828
2024-08-12,4.820499897003174,59354.515625,564.1300048828125,33.90999984741211,,47.84749984741211,1835.390869140625,98.03805541992188
2024-08-13,4.831999778747559,60609.56640625,570.2899780273438,34.08000183105469,,47.9900016784668,1844.88525390625,98.73687744140625
2024-08-14,4.84250020980835,58737.26953125,575.6199951171875,34.11000061035156,,47.557498931884766,1859.376220703125,99.38716125488281
2024-08-15,4.84250020980835,57560.09765625,583.8200073242188,34.45000076293945,,47.755001068115234,1859.376220703125,100.55184173583984
2024-08-16,4.828000068664551,58894.10546875,584.9299926757812,34.70000076293945,,48.345001220703125,1830.288330078125,100.54214477539062
2024-08-17,4.828000068664551,59478.97265625,584.9299926757812,34.70000076293945,,48.345001220703125,1830.288330078125,100.54214477539062
2024-08-18,4.828000068664551,58483.96484375,584.9299926757812,34.70000076293945,,48.345001220703125,1830.288330078125,100.54214477539062
2024-08-19,4.833499908447266,59493.453125,589.52001953125,35.150001525878906,,48.6875,1842.5318603515625,100.86244201660156
2024-08-20,4.843500137329102,59012.79296875,591.0399780273438,34.90999984741211,,48.837501525878906,1831.0379638671875,100.55184173583984
2024-08-21,4.8454999923706055,61175.19140625,592.5499877929688,35.06999969482422,,48.775001525878906,1831.53759765625,100.63433837890625
2024-08-22,4.838500022888184,60381.9140625,592.0900268554688,34.7599983215332,,48.154998779296875,1841.0325927734375,100.28978729248047
2024-08-23,4.858500003814697,64094.35546875,594.7899780273438,35.25,,48.93000030517578,1860.5223388671875,100.1344985961914
2024-08-24,4.858500003814697,64178.9921875,594.7899780273438,35.25,,48.93000030517578,1860.5223388671875,100.1344985961914
2024-08-25,4.858500003814697,64333.54296875,594.7899780273438,35.25,,48.93000030517578,1860.5223388671875,100.1344985961914
2024-08-26,4.847499847412109,62880.66015625,594.7899780273438,35.25,,48.93000030517578,1860.5223388671875,100.1344985961914
2024-08-27,4.843999862670898,59504.1328125,593.1400146484375,34.93000030517578,,48.90250015258789,1865.02001953125,99.74626922607422
2024-08-28,4.8470001220703125,59027.625,590.780029296875,34.79999923706055,,48.76750183105469,1873.515625,99.66375732421875
2024-08-29,4.835999965667725,59388.1796875,595.239990234375,34.939998626708984,,48.997501373291016,1862.0216064453125,100.54214477539062
2024-08-30,4.841000080108643,59119.4765625,591.5900268554688,34.83000183105469,,48.682498931884766,1872.2662353515625,100.34803009033203
2024-08-31,4.841000080108643,58969.8984375,591.5900268554688,34.83000183105469,,48.682498931884766,1872.2662353515625,100.34803009033203
2024-09-01,4.841000080108643,57325.48828125,591.5900268554688,34.83000183105469,,48.682498931884766,1872.2662353515625,100.34803009033203
2024-09-02,4.827499866485596,59112.48046875,596.9600219726562,34.810001373291016,,48.6349983215332,1883.0106201171875,100.80905151367188
2024-09-03,4.8429999351501465,57431.0234375,589.02001953125,34.400001525878906,,48.28499984741211,1883.760009765625,99.95979309082031
2024-09-04,4.855000019073486,57971.5390625,584.5399780273438,34.33000183105469,,48.51250076293945,1883.0106201171875,98.88245391845703
2024-09-05,4.859499931335449,56160.48828125,580.2000122070312,34.2400016784668,,48.80500030517578,1884.5098876953125,98.21276092529297
2024-09-06,4.879499912261963,53948.75390625,573.8800048828125,33.77000045776367,,48.872501373291016,1874.5150146484375,97.20335388183594
2024-09-07,4.879499912261963,54139.6875,573.8800048828125,33.77000045776367,,48.872501373291016,1874.5150146484375,97.20335388183594
2024-09-08,4.879499912261963,54841.56640625,573.8800048828125,33.77000045776367,,48.872501373291016,1874.5150146484375,97.20335388183594
2024-09-09,4.875500202178955,57019.53515625,576.8200073242188,33.880001068115234,,48.5525016784668,1900.501220703125,98.30010986328125
2024-09-10,4.88100004196167,57648.7109375,579.2000122070312,33.7599983215332,,48.900001525878906,1917.4925537109375,98.35833740234375
2024-09-11,4.895500183105469,57343.171875,574.5999755859375,33.709999084472656,,48.872501373291016,1912.994873046875,98.13512420654297
2024-09-12,4.883999824523926,58127.01171875,587.760009765625,34.18000030517578,,49.64250183105469,1923.9891357421875,99.57764434814453
2024-09-13,4.896999835968018,60571.30078125,595.0900268554688,34.540000915527344,,50.13999938964844,1936.732421875,100.25955200195312
2024-09-14,4.896999835968018,60005.12109375,595.0900268554688,34.540000915527344,,50.13999938964844,1936.732421875,100.25955200195312
2024-09-15,4.896999835968018,59182.8359375,595.0900268554688,34.540000915527344,,50.13999938964844,1936.732421875,100.25955200195312
2024-09-16,4.901000022888184,58192.5078125,594.0,34.56999969482422,,50.1875,1936.482421875,99.69454193115234
2024-09-17,4.898499965667725,60308.5390625,598.2100219726562,34.7599983215332,,49.89250183105469,1939.23095703125,100.56153869628906
2024-09-18,4.890999794006348,61649.6796875,595.1599731445312,34.59000015258789,,50.025001525878906,1920.490966796875,99.7334976196289
2024-09-19,4.888000011444092,62940.45703125,604.3099975585938,35.18000030517578,,50.244998931884766,1915.4935302734375,100.91221618652344
2024-09-20,4.880499839782715,63192.9765625,601.8200073242188,35.13999938964844,,50.85499954223633,1902.7503662109375,100.20109558105469
2024-09-21,4.880499839782715,63394.83984375,601.8200073242188,35.13999938964844,,50.85499954223633,1902.7503662109375,100.20109558105469
2024-09-22,4.880499839782715,63648.7109375,601.8200073242188,35.13999938964844,,50.85499954223633,1902.7503662109375,100.20109558105469
2024-09-23,4.882500171661377,63329.80078125,605.0700073242188,35.5,,51.154998779296875,1910.2464599609375,100.29851531982422
2024-09-24,4.887499809265137,64301.96875,605.2899780273438,36.31999969482422,,51.404998779296875,1907.4976806640625,100.48359680175781
2024-09-25,4.880499839782715,63143.14453125,606.02001953125,36.2599983215332,,51.662498474121094,1906.498291015625,100.75636291503906
2024-09-26,4.881499767303467,65181.01953125,606.52001953125,37.29999923706055,,51.9474983215332,1896.7532958984375,101.07295989990234
2024-09-27,4.881999969482422,65790.6640625,608.25,37.29999923706055,,51.567501068115234,1899.751953125,101.40904998779297
2024-09-28,4.881999969482422,65887.6484375,608.25,37.29999923706055,,51.567501068115234,1899.751953125,101.40904998779297
2024-09-29,4.881999969482422,65635.3046875,608.25,37.29999923706055,,51.567501068115234,1899.751953125,101.40904998779297
2024-09-30,4.88100004196167,63329.5,607.1799926757812,36.88999938964844,,51.189998626708984,1888.757568359375,100.85377502441406
2024-10-01,4.896500110626221,60837.0078125,603.510009765625,36.77000045776367,,51.80500030517578,1907.4976806640625,101.30188751220703
2024-10-02,4.884500026702881,60632.78515625,604.760009765625,37.33000183105469,,51.505001068115234,1893.0052490234375,101.73051452636719
2024-10-03,4.876500129699707,60759.40234375,603.280029296875,37.099998474121094,,51.57749938964844,1901.500732421875,102.42215728759766
2024-10-04,4.84499979019165,62067.4765625,604.030029296875,37.18000030517578,,51.657501220703125,1891.0064697265625,102.65108489990234
2024-10-05,4.84499979019165,62089.94921875,604.030029296875,37.18000030517578,,51.657501220703125,1891.0064697265625,102.65108489990234
2024-10-06,4.84499979019165,62818.953125,604.030029296875,37.18000030517578,,51.657501220703125,1891.0064697265625,102.65108489990234
2024-10-07,4.836999893188477,62236.66015625,607.0999755859375,37.5,,51.51750183105469,1884.5098876953125,103.26966857910156
2024-10-08,4.834000110626221,62131.96875,607.0999755859375,36.70000076293945,,50.650001525878906,1877.5135498046875,102.90924072265625
2024-10-09,4.831500053405762,60582.1015625,611.530029296875,36.66999816894531,,50.8125,1880.511962890625,103.30375671386719
2024-10-10,4.833499908447266,60274.5,612.1599731445312,36.650001525878906,,50.970001220703125,1874.5150146484375,103.64959716796875
2024-10-11,4.834499835968018,62445.08984375,615.27001953125,36.869998931884766,,51.67499923706055,1884.010009765625,104.03437805175781
2024-10-12,4.834499835968018,63193.0234375,615.27001953125,36.869998931884766,,51.67499923706055,1884.010009765625,104.03437805175781
2024-10-13,4.834499835968018,62851.375,615.27001953125,36.869998931884766,,51.67499923706055,1884.010009765625,104.03437805175781
2024-10-14,4.82450008392334,66046.125,619.0,36.810001373291016,,51.48249816894531,1896.003662109375,104.5652847290039
2024-10-15,4.8445000648498535,67041.109375,618.5999755859375,36.2400016784668,,51.782501220703125,1909.9964599609375,103.78597259521484
2024-10-16,4.855999946594238,67612.71875,616.4099731445312,36.439998626708984,,51.98500061035156,1932.4847412109375,104.28279113769531
2024-10-17,4.8445000648498535,67399.8359375,620.489990234375,36.29999923706055,,52.35499954223633,1925.7381591796875,104.66270446777344
2024-10-18,4.8480000495910645,68418.7890625,620.1199951171875,36.599998474121094,,52.8025016784668,1924.7386474609375,104.63348388671875
2024-10-19,4.8480000495910645,68362.734375,620.1199951171875,36.599998474121094,,52.8025016784668,1924.7386474609375,104.63348388671875
2024-10-20,4.8480000495910645,69001.703125,620.1199951171875,36.599998474121094,,52.8025016784668,1924.7386474609375,104.63348388671875
2024-10-21,4.83050012588501,67367.8515625,616.9000244140625,36.099998474121094,,52.94499969482422,1900.501220703125,104.19025421142578
2024-10-22,4.817500114440918,67361.40625,618.1599731445312,36.099998474121094,,53.282501220703125,1898.502197265625,104.33149719238281
2024-10-23,4.814000129699707,66432.1953125,614.6300048828125,35.95000076293945,,52.80500030517578,1910.2464599609375,103.9710693359375
2024-10-24,4.824999809265137,68161.0546875,614.5800170898438,35.720001220703125,,53.10499954223633,1912.2452392578125,103.95156860351562
2024-10-25,4.820000171661377,66642.4140625,618.5,35.90999984741211,,53.255001068115234,1909.49658203125,104.14640808105469
2024-10-26,4.820000171661377,67014.6953125,618.5,35.90999984741211,,53.255001068115234,1909.49658203125,104.14640808105469
2024-10-27,4.820000171661377,67929.296875,618.5,35.90999984741211,,53.255001068115234,1909.49658203125,104.14640808105469
2024-10-28,4.809500217437744,69907.7578125,616.9500122070312,36.0,,53.34749984741211,1903.25,104.12692260742188
2024-10-29,4.802000045776367,72720.4921875,616.9099731445312,35.90999984741211,,53.755001068115234,1890.506591796875,103.8736343383789
2024-10-30,4.811999797821045,72339.5390625,618.4600219726562,35.58000183105469,,54.15250015258789,1897.5029296875,103.80545043945312
2024-10-31,4.800000190734863,70215.1875,606.4500122070312,35.290000915527344,,53.29249954223633,1899.0020751953125,103.21121978759766
2024-11-01,4.795000076293945,69482.46875,609.469970703125,35.66999816894531,,53.36000061035156,1866.2694091796875,103.2160873413086
2024-11-02,4.795000076293945,69289.2734375,609.469970703125,35.66999816894531,,53.36000061035156,1866.2694091796875,103.2160873413086
2024-11-03,4.795000076293945,68741.1171875,609.469970703125,35.66999816894531,,53.36000061035156,1866.2694091796875,103.2160873413086
2024-11-04,4.805500030517578,67811.5078125,605.7100219726562,35.81999969482422,,53.212501525878906,1867.7685546875,102.93846130371094
2024-11-05,4.796500205993652,69359.5625,610.6699829101562,36.15999984741211,,53.23749923706055,1867.01904296875,103.16251373291016
2024-11-06,4.789000034332275,75639.078125,624.6199951171875,35.619998931884766,,51.900001525878906,1854.02587890625,105.25694274902344
2024-11-07,4.806000232696533,75904.859375,631.8599853515625,36.40999984741211,,52.372501373291016,1864.2705078125,105.8024673461914
2024-11-08,4.820499897003174,76545.4765625,634.7999877929688,35.56999969482422,,52.217498779296875,1894.0048828125,106.10931396484375
2024-11-09,4.820499897003174,76778.8671875,634.7999877929688,35.56999969482422,,52.217498779296875,1894.0048828125,106.10931396484375
2024-11-10,4.820499897003174,80474.1875,634.7999877929688,35.56999969482422,,52.217498779296875,1894.0048828125,106.10931396484375
2024-11-11,4.807499885559082,88701.484375,636.4099731445312,35.34000015258789,,50.869998931884766,1911.9954833984375,106.7327651977539
2024-11-12,4.803999900817871,87955.8125,634.030029296875,34.709999084472656,,50.54249954223633,1900.0015869140625,106.89352416992188
2024-11-13,4.801000118255615,90584.1640625,634.969970703125,34.4900016784668,,50.3025016784668,1903.0001220703125,107.07859802246094
2024-11-14,4.815000057220459,87250.4296875,633.3400268554688,34.400001525878906,,50.04999923706055,1882.385986328125,107.12730407714844
2024-11-15,4.797999858856201,91066.0078125,622.8400268554688,34.2599983215332,,49.84000015258789,1887.1339111328125,106.33336639404297
2024-11-16,4.797999858856201,90558.4765625,622.8400268554688,34.2599983215332,,49.84000015258789,1887.1339111328125,106.33336639404297
2024-11-17,4.797999858856201,89845.8515625,622.8400268554688,34.2599983215332,,49.84000015258789,1887.1339111328125,106.33336639404297
2024-11-18,4.79449987411499,90542.640625,625.3699951171875,34.54999923706055,,50.747501373291016,1889.3829345703125,106.75711822509766
2024-11-19,4.806000232696533,92343.7890625,625.260009765625,34.650001525878906,,51.02000045776367,1894.1307373046875,106.46975708007812
2024-11-20,4.80049991607666,94339.4921875,622.0800170898438,34.400001525878906,,51.502498626708984,1890.88232421875,106.1969985961914
2024-11-21,4.800000190734863,98504.7265625,629.6699829101562,34.459999084472656,,51.84000015258789,1909.62353515625,107.50723266601562
2024-11-22,4.805500030517578,98997.6640625,631.27001953125,34.459999084472656,,52.51250076293945,1931.613525390625,108.53009796142578
2024-11-23,4.805500030517578,97777.28125,631.27001953125,34.459999084472656,,52.51250076293945,1931.613525390625,108.53009796142578
2024-11-24,4.805500030517578,98013.8203125,631.27001953125,34.459999084472656,,52.51250076293945,1931.613525390625,108.53009796142578
2024-11-25,4.823999881744385,93102.296875,634.9199829101562,34.599998474121094,,51.25,1945.85693359375,108.80284881591797
2024-11-26,4.825500011444092,91985.3203125,636.8800048828125,34.470001220703125,,51.087501525878906,1946.106689453125,108.81258392333984
2024-11-27,4.8394999504089355,95962.53125,635.9099731445312,34.459999084472656,,51.3025016784668,1958.101318359375,107.78485870361328
2024-11-28,4.8495001792907715,95652.46875,637.239990234375,34.310001373291016,,51.33000183105469,1953.603271484375,108.04301452636719
2024-11-29,4.855999946594238,97461.5234375,639.2899780273438,34.599998474121094,,51.744998931884766,1950.1048583984375,108.32550811767578
2024-11-30,4.855999946594238,96449.0546875,639.2899780273438,34.599998474121094,,51.744998931884766,1950.1048583984375,108.32550811767578
2024-12-01,4.855999946594238,97279.7890625,639.2899780273438,34.599998474121094,,51.744998931884766,1950.1048583984375,108.32550811767578
2024-12-02,4.866499900817871,95865.3046875,640.469970703125,34.58000183105469,,51.317501068115234,1929.1146240234375,109.08535766601562
2024-12-03,4.859499931335449,96002.1640625,640.4000244140625,34.779998779296875,,51.375,1915.6207275390625,109.1535415649414
2024-12-04,4.864500045776367,98768.53125,643.760009765625,34.90999984741211,,51.567501068115234,1904.6258544921875,109.1535415649414
2024-12-05,4.860000133514404,96593.5703125,644.9500122070312,35.13999938964844,,51.27000045776367,1887.883544921875,109.16328430175781
2024-12-06,4.869999885559082,99920.7109375,645.6699829101562,35.119998931884766,,51.3125,1889.133056640625,109.27043914794922
2024-12-07,4.869999885559082,99923.3359375,645.6699829101562,35.119998931884766,,51.3125,1889.133056640625,109.27043914794922
2024-12-08,4.869999885559082,101236.015625,645.6699829101562,35.119998931884766,,51.3125,1889.133056640625,109.27043914794922
2024-12-09,4.86899995803833,97432.71875,643.219970703125,35.810001373291016,,51.83000183105469,1883.1357421875,108.93435668945312
2024-12-10,4.865499973297119,96675.4296875,641.7000122070312,35.189998626708984,,52.24250030517578,1873.64013671875,108.57879638671875
2024-12-11,4.863500118255615,101173.03125,644.7999877929688,35.279998779296875,,52.747501373291016,1860.64599609375,109.01228332519531
2024-12-12,4.8520002365112305,100043.0,644.27001953125,35.22999954223633,,52.130001068115234,1877.63818359375,109.25360870361328
2024-12-13,4.834000110626221,101459.2578125,641.72998046875,35.11000061035156,,51.810001373291016,1874.139892578125,109.341552734375
2024-12-14,4.834000110626221,101372.96875,641.72998046875,35.11000061035156,,51.810001373291016,1874.139892578125,109.341552734375
2024-12-15,4.834000110626221,104298.6953125,641.72998046875,35.11000061035156,,51.810001373291016,1874.139892578125,109.341552734375
2024-12-16,4.834000110626221,106029.71875,643.9099731445312,35.0099983215332,,51.53499984741211,1862.8951416015625,109.02883911132812
2024-12-17,4.833499908447266,106140.6015625,642.02001953125,34.869998931884766,,51.20500183105469,1852.14990234375,108.4278564453125
2024-12-18,4.834499835968018,100041.5390625,642.739990234375,34.790000915527344,,51.279998779296875,1845.9027099609375,108.55001831054688
2024-12-19,4.809999942779541,97490.953125,626.7999877929688,34.380001068115234,,50.42499923706055,1800.9234619140625,107.18190002441406
2024-12-20,4.818999767303467,97755.9296875,631.22998046875,34.349998474121094,,50.98500061035156,1819.914794921875,107.51414489746094
2024-12-21,4.818999767303467,97224.7265625,631.22998046875,34.349998474121094,,50.98500061035156,1819.914794921875,107.51414489746094
2024-12-22,4.818999767303467,95104.9375,631.22998046875,34.349998474121094,,50.98500061035156,1819.914794921875,107.51414489746094
2024-12-23,4.808000087738037,94686.2421875,629.239990234375,34.38999938964844,,50.79999923706055,1812.168212890625,107.6802749633789
2024-12-24,4.808000087738037,98676.09375,634.4600219726562,34.56999969482422,,50.8025016784668,1819.1649169921875,108.18843841552734
2024-12-25,4.808000087738037,99299.1953125,634.4600219726562,34.56999969482422,,50.8025016784668,1819.1649169921875,108.18843841552734
2024-12-26,4.808000087738037,95795.515625,634.4600219726562,34.56999969482422,,50.8025016784668,1819.1649169921875,108.18843841552734
2024-12-27,4.809999942779541,94164.859375,632.8499755859375,34.349998474121094,,50.85749816894531,1822.6634521484375,107.8464126586914
2024-12-28,4.809999942779541,95163.9296875,632.8499755859375,34.349998474121094,,50.85749816894531,1822.6634521484375,107.8464126586914
2024-12-29,4.809999942779541,93530.2265625,632.8499755859375,34.349998474121094,,50.85749816894531,1822.6634521484375,107.8464126586914
2024-12-30,4.816500186920166,92643.2109375,626.75,34.0099983215332,,50.494998931884766,1810.6689453125,107.3529052734375
2024-12-31,4.816500186920166,93429.203125,628.780029296875,34.13999938964844,,50.72249984741211,1819.4149169921875,107.65584564208984
2025-01-01,4.816500186920166,94419.7578125,628.780029296875,34.13999938964844,,50.72249984741211,1819.4149169921875,107.65584564208984
2025-01-02,4.802999973297119,96886.875,625.7999877929688,34.11000061035156,,51.622501373291016,1848.15185546875,108.69659423828125
2025-01-03,4.806000232696533,98107.4296875,628.5499877929688,34.25,,51.32749938964844,1844.6534423828125,108.5744400024414
2025-01-04,4.806000232696533,98236.2265625,628.5499877929688,34.25,,51.32749938964844,1844.6534423828125,108.5744400024414
2025-01-05,4.806000232696533,98314.9609375,628.5499877929688,34.25,,51.32749938964844,1844.6534423828125,108.5744400024414
2025-01-06,4.798999786376953,102078.0859375,638.25,34.5,,51.29750061035156,1836.1573486328125,109.31224060058594
2025-01-07,4.7820000648498535,96922.703125,630.3499755859375,34.29999923706055,,51.529998779296875,1816.666259765625,108.56954956054688
2025-01-08,4.781000137329102,95043.5234375,626.6199951171875,33.959999084472656,,51.82500076293945,1823.4129638671875,109.08747100830078
2025-01-09,4.78249979019165,92484.0390625,626.6699829101562,33.90999984741211,,51.875,1832.1591796875,109.51746368408203
2025-01-10,4.767000198364258,94701.453125,617.1799926757812,33.279998779296875,,52.27750015258789,1818.16552734375,108.65750122070312
2025-01-11,4.767000198364258,94566.59375,617.1799926757812,33.279998779296875,,52.27750015258789,1818.16552734375,108.65750122070312
2025-01-12,4.767000198364258,94488.4375,617.1799926757812,33.279998779296875,,52.27750015258789,1818.16552734375,108.65750122070312
2025-01-13,4.757500171661377,94516.5234375,614.9000244140625,32.95000076293945,,51.84749984741211,1813.1678466796875,108.51579284667969
2025-01-14,4.75600004196167,96534.046875,618.6400146484375,33.369998931884766,,51.92499923706055,1836.6571044921875,108.95066833496094
2025-01-15,4.788000106811523,100504.4921875,628.0800170898438,33.709999084472656,,52.125,1852.649658203125,110.47514343261719
2025-01-16,4.791999816894531,99756.90625,631.47998046875,33.86000061035156,,52.875,1863.144775390625,110.87579345703125
2025-01-17,4.797500133514404,104462.0390625,637.1400146484375,34.15999984741211,,52.807498931884766,1882.6358642578125,112.11687469482422
2025-01-18,4.797500133514404,104408.0703125,637.1400146484375,34.15999984741211,,52.807498931884766,1882.6358642578125,112.11687469482422
2025-01-19,4.797500133514404,101089.609375,637.1400146484375,34.15999984741211,,52.807498931884766,1882.6358642578125,112.11687469482422
2025-01-20,4.804999828338623,102016.6640625,638.9400024414062,34.52000045776367,,52.602500915527344,1868.642333984375,111.75530242919922
2025-01-21,4.80049991607666,106146.265625,639.9500122070312,34.25,,53.29499816894531,1881.386474609375,111.7162094116211
2025-01-22,4.809999942779541,103653.0703125,646.739990234375,34.25,,53.60499954223633,1867.14306640625,112.5859375
2025-01-23,4.797999858856201,103960.171875,647.0499877929688,34.349998474121094,,53.502498626708984,1862.395263671875,112.53219604492188
2025-01-24,4.800000190734863,104819.484375,649.27001953125,34.54999923706055,,53.977500915527344,1861.1458740234375,111.83348846435547
2025-01-25,4.800000190734863,104714.6484375,649.27001953125,34.54999923706055,,53.977500915527344,1861.1458740234375,111.83348846435547
2025-01-26,4.800000190734863,102682.5,649.27001953125,34.54999923706055,,53.977500915527344,1861.1458740234375,111.83348846435547
2025-01-27,4.820000171661377,102087.6875,635.2899780273438,33.86000061035156,,53.244998931884766,1863.394775390625,109.98652648925781
2025-01-28,4.807000160217285,101332.4765625,640.510009765625,33.79999923706055,,53.567501068115234,1870.3916015625,110.9148941040039
2025-01-29,4.804999828338623,103703.2109375,641.8800048828125,34.279998779296875,,53.505001068115234,1860.64599609375,111.24713897705078
2025-01-30,4.820499897003174,104735.3046875,641.6699829101562,34.720001220703125,,54.275001525878906,1875.139404296875,111.52076721191406
2025-01-31,4.829999923706055,102405.0234375,648.4199829101562,34.7400016784668,,54.560001373291016,1879.88720703125,112.48822021484375
2025-02-01,4.829999923706055,100655.90625,648.4199829101562,34.7400016784668,,54.560001373291016,1879.88720703125,112.48822021484375
2025-02-02,4.829999923706055,97688.9765625,648.4199829101562,34.7400016784668,,54.560001373291016,1879.88720703125,112.48822021484375
2025-02-03,4.829500198364258,101405.421875,637.3599853515625,34.29999923706055,,54.877498626708984,1865.6436767578125,110.68524169921875
2025-02-04,4.826000213623047,97871.8203125,640.6099853515625,34.779998779296875,,55.212501525878906,1856.6478271484375,111.03216552734375
2025-02-05,4.8454999923706055,96615.4453125,640.3900146484375,34.68000030517578,,55.787498474121094,1871.8909912109375,110.7585220336914
2025-02-06,4.85099983215332,96593.296875,644.6300048828125,34.70000076293945,,55.38999938964844,1891.881591796875,112.19505310058594
2025-02-07,4.839000225067139,96529.0859375,641.6300048828125,34.790000915527344,,55.70249938964844,1885.134765625,111.89210510253906
2025-02-08,4.839000225067139,96482.453125,641.6300048828125,34.790000915527344,,55.70249938964844,1885.134765625,111.89210510253906
2025-02-09,4.839000225067139,96500.09375,641.6300048828125,34.790000915527344,,55.70249938964844,1885.134765625,111.89210510253906
2025-02-10,4.837500095367432,97437.5546875,643.219970703125,35.040000915527344,,56.45750045776367,1888.6331787109375,112.5468521118164
2025-02-11,4.827499866485596,95747.4296875,643.72998046875,35.0,,56.467498779296875,1887.1339111328125,112.32209777832031
2025-02-12,4.810999870300293,97885.859375,639.780029296875,35.0,,56.28499984741211,1876.638671875,111.8432388305664
2025-02-13,4.825500011444092,96623.8671875,646.22998046875,35.27000045776367,,56.67499923706055,1864.7734375,112.00938415527344
2025-02-14,4.841000080108643,97508.96875,649.3699951171875,35.439998626708984,,56.22249984741211,1863.77392578125,111.89210510253906
2025-02-15,4.841000080108643,97580.3515625,649.3699951171875,35.439998626708984,,56.22249984741211,1863.77392578125,111.89210510253906
2025-02-16,4.841000080108643,96175.03125,649.3699951171875,35.439998626708984,,56.22249984741211,1863.77392578125,111.89210510253906
2025-02-17,4.821499824523926,95773.3828125,650.5999755859375,35.68000030517578,,56.3224983215332,1861.774658203125,112.2439193725586
2025-02-18,4.822000026702881,95539.546875,649.6500244140625,35.83000183105469,,56.91749954223633,1861.27490234375,112.12664031982422
2025-02-19,4.815000057220459,96635.609375,650.8300170898438,35.72999954223633,,56.84749984741211,1858.7757568359375,112.2536849975586
2025-02-20,4.820000171661377,98333.9375,647.2999877929688,35.97999954223633,,57.22999954223633,1860.7750244140625,111.41815185546875
2025-02-21,4.825500011444092,96125.546875,646.8699951171875,36.209999084472656,,57.07749938964844,1857.7762451171875,111.3155517578125
2025-02-22,4.825500011444092,96577.7578125,646.8699951171875,36.209999084472656,,57.07749938964844,1857.7762451171875,111.3155517578125
2025-02-23,4.825500011444092,96273.921875,646.8699951171875,36.209999084472656,,57.07749938964844,1857.7762451171875,111.3155517578125
2025-02-24,4.836999893188477,91418.171875,639.0900268554688,35.47999954223633,,57.165000915527344,1863.77392578125,110.23571014404297
2025-02-25,4.857999801635742,88736.171875,628.5599975585938,35.33000183105469,,56.29249954223633,1871.770751953125,108.91157531738281
2025-02-26,4.858500003814697,84347.0234375,637.5900268554688,35.91999816894531,,56.59000015258789,1872.2706298828125,110.07447052001953
2025-02-27,4.85699987411499,84704.2265625,633.3099975585938,35.36000061035156,,55.817501068115234,1880.517333984375,109.67381286621094
2025-02-28,4.869999885559082,84373.0078125,625.030029296875,34.5099983215332,,55.36000061035156,1886.0152587890625,108.55977630615234
2025-03-01,4.869999885559082,86031.9140625,625.030029296875,34.5099983215332,,55.36000061035156,1886.0152587890625,108.55977630615234
2025-03-02,4.869999885559082,94248.3515625,625.030029296875,34.5099983215332,,55.36000061035156,1886.0152587890625,108.55977630615234
2025-03-03,4.869500160217285,86065.671875,630.4500122070312,34.720001220703125,,56.147499084472656,1882.7664794921875,108.89203643798828
2025-03-04,4.870500087738037,87222.1953125,610.47998046875,34.2400016784668,,56.522499084472656,1860.7750244140625,105.68185424804688
2025-03-05,4.8420000076293945,90623.5625,610.6699829101562,35.18000030517578,,56.852500915527344,1834.285400390625,105.68675231933594
2025-03-06,4.817500114440918,89961.7265625,616.6900024414062,35.54999923706055,,56.662498474121094,1819.791015625,106.2681884765625
2025-03-07,4.828000068664551,86742.671875,604.0800170898438,35.290000915527344,,56.63750076293945,1801.7979736328125,104.47498321533203
2025-03-08,4.828000068664551,86154.59375,604.0800170898438,35.290000915527344,,56.63750076293945,1801.7979736328125,104.47498321533203
2025-03-09,4.828000068664551,80601.0390625,604.0800170898438,35.290000915527344,,56.63750076293945,1801.7979736328125,104.47498321533203
2025-03-10,4.8429999351501465,78532.0,600.97998046875,34.84000015258789,,56.407501220703125,1809.295166015625,103.65411376953125
2025-03-11,4.821000099182129,82862.2109375,592.1900024414062,34.86000061035156,,56.64250183105469,1776.3079833984375,102.13453674316406
2025-03-12,4.820000171661377,83722.359375,597.1500244140625,35.099998474121094,,57.084999084472656,1772.0595703125,102.79415893554688
2025-03-13,4.817999839782715,81066.703125,589.219970703125,34.95000076293945,,57.935001373291016,1761.313720703125,101.97817993164062
2025-03-14,4.817999839782715,83969.1015625,596.8099975585938,35.4900016784668,,58.037498474121094,1771.0599365234375,103.6052474975586
2025-03-15,4.817999839782715,84343.109375,596.8099975585938,35.4900016784668,,58.037498474121094,1771.0599365234375,103.6052474975586
2025-03-16,4.817999839782715,82579.6875,596.8099975585938,35.4900016784668,,58.037498474121094,1771.0599365234375,103.6052474975586
2025-03-17,4.838500022888184,84075.6875,600.4299926757812,36.04999923706055,,58.21500015258789,1793.0513916015625,103.98637390136719
2025-03-18,4.822999954223633,82718.5,597.5,36.06999969482422,,58.97249984741211,1787.3037109375,103.73229217529297
2025-03-19,4.826000213623047,86854.2265625,601.5900268554688,36.04999923706055,,58.97999954223633,1786.303955078125,104.39681243896484
2025-03-20,4.839000225067139,84167.1953125,602.7000122070312,35.77000045776367,,58.959999084472656,1788.5531005859375,104.30663299560547
2025-03-21,4.83650016784668,84043.2421875,600.1699829101562,35.720001220703125,,58.6150016784668,1783.0552978515625,104.33604431152344
2025-03-22,4.83650016784668,83832.484375,600.1699829101562,35.720001220703125,,58.6150016784668,1783.0552978515625,104.33604431152344
2025-03-23,4.83650016784668,86054.375,600.1699829101562,35.720001220703125,,58.6150016784668,1783.0552978515625,104.33604431152344
2025-03-24,4.829500198364258,87498.9140625,612.0700073242188,35.88999938964844,,58.48749923706055,1796.7999267578125,105.65975189208984
2025-03-25,4.829500198364258,87471.703125,613.1300048828125,35.83000183105469,,58.775001525878906,1787.0537109375,105.52246856689453
2025-03-26,4.823500156402588,86900.8828125,609.3400268554688,35.66999816894531,,58.657501220703125,1797.2998046875,105.3753890991211
2025-03-27,4.820000171661377,87177.1015625,607.3599853515625,35.83000183105469,,59.310001373291016,1787.803466796875,104.5860824584961
2025-03-28,4.83650016784668,84353.1484375,594.5999755859375,35.119998931884766,,59.91999816894531,1781.555908203125,102.85057067871094
2025-03-29,4.83650016784668,82597.5859375,594.5999755859375,35.119998931884766,,59.91999816894531,1781.555908203125,102.85057067871094
2025-03-30,4.83650016784668,82334.5234375,594.5999755859375,35.119998931884766,,59.91999816894531,1781.555908203125,102.85057067871094
2025-03-31,4.84499979019165,82548.9140625,589.9500122070312,34.83000183105469,,60.61750030517578,1798.29931640625,102.01224517822266
2025-04-01,4.856500148773193,85169.171875,598.7999877929688,35.189998626708984,,60.747501373291016,1802.0479736328125,103.31141662597656
2025-04-02,4.859000205993652,82485.7109375,601.5900268554688,35.189998626708984,,60.77000045776367,1798.29931640625,103.35554504394531
2025-04-03,4.879499912261963,83102.828125,579.1500244140625,34.63999938964844,,60.40250015258789,1756.8155517578125,99.08051300048828
2025-04-04,4.881999969482422,83843.8046875,551.02001953125,32.81999969482422,,58.79999923706055,1712.582763671875,95.46243286132812
2025-04-05,4.881999969482422,83504.796875,551.02001953125,32.81999969482422,,58.79999923706055,1712.582763671875,95.46243286132812
2025-04-06,4.881999969482422,78214.484375,551.02001953125,32.81999969482422,,58.79999923706055,1712.582763671875,95.46243286132812
2025-04-07,4.855500221252441,79235.3359375,530.4000244140625,31.299999237060547,,57.88999938964844,1648.6075439453125,93.28570556640625
2025-04-08,4.848499774932861,76271.953125,550.4000244140625,31.84000015258789,,58.45500183105469,1675.34716796875,95.97229766845703
2025-04-09,4.815999984741211,82573.953125,530.8300170898438,30.959999084472656,,59.974998474121094,1623.8673095703125,92.908203125
2025-04-10,4.831500053405762,79626.140625,558.6599731445312,32.540000915527344,,61.522499084472656,1660.3529052734375,96.0899658203125
2025-04-11,4.809999942779541,83404.8359375,559.2100219726562,33.040000915527344,,62.935001373291016,1649.8572998046875,95.8840560913086
2025-04-12,4.809999942779541,85287.109375,559.2100219726562,33.040000915527344,,62.935001373291016,1649.8572998046875,95.8840560913086
2025-04-13,4.809999942779541,83684.9765625,559.2100219726562,33.040000915527344,,62.935001373291016,1649.8572998046875,95.8840560913086
2025-04-14,4.83050012588501,84542.390625,576.1099853515625,33.88999938964844,,62.3125,1695.089599609375,97.86468505859375
2025-04-15,4.8414998054504395,83668.9921875,576.8099975585938,33.97999954223633,,62.61249923706055,1706.3350830078125,97.81566619873047
2025-04-16,4.853499889373779,84033.8671875,570.4400024414062,33.779998779296875,,64.42500305175781,1722.82861328125,97.24696350097656
2025-04-17,4.855500221252441,84895.75,562.72998046875,33.95000076293945,,64.0425033569336,1729.076416015625,96.28606414794922
2025-04-18,4.855500221252441,84450.8046875,562.72998046875,33.95000076293945,,64.0425033569336,1729.076416015625,96.28606414794922
2025-04-19,4.855500221252441,85063.4140625,562.72998046875,33.95000076293945,,64.0425033569336,1729.076416015625,96.28606414794922
2025-04-20,4.855500221252441,85174.3046875,562.72998046875,33.95000076293945,,64.0425033569336,1729.076416015625,96.28606414794922
2025-04-21,,87518.90625,,,,,,
2025-04-22,4.84250020980835,93441.890625,560.510009765625,34.33000183105469,,66.43499755859375,1718.58056640625,95.69285583496094
2025-04-23,4.848499774932861,93699.109375,574.9500122070312,34.84000015258789,,63.602500915527344,1730.8258056640625,98.2765121459961
2025-04-24,4.861000061035156,93943.796875,579.5499877929688,34.93000030517578,,64.6675033569336,1734.8240966796875,98.79617309570312
2025-04-25,4.869500160217285,94720.5,583.3200073242188,34.83000183105469,,63.602500915527344,1726.327392578125,99.1883773803711
2025-04-26,4.869500160217285,94646.9296875,583.3200073242188,34.83000183105469,,63.602500915527344,1726.327392578125,99.1883773803711
2025-04-27,4.869500160217285,93754.84375,583.3200073242188,34.83000183105469,,63.602500915527344,1726.327392578125,99.1883773803711
2025-04-28,4.869500160217285,94978.75,584.280029296875,34.939998626708984,,64.69999694824219,1726.0775146484375,98.8746109008789
2025-04-29,4.876999855041504,94284.7890625,587.9600219726562,35.150001525878906,,64.32499694824219,1721.8292236328125,99.37466430664062
2025-04-30,4.883500099182129,94207.3125,586.3200073242188,35.06999969482422,,64.19000244140625,1738.07275390625,99.62960052490234
2025-05-01,4.883500099182129,96492.3359375,600.7000122070312,35.31999969482422,,62.310001373291016,1767.811279296875,101.75730895996094
2025-05-02,4.862500190734863,96910.0703125,603.4299926757812,36.20000076293945,,62.95249938964844,1777.8072509765625,102.56132507324219
2025-05-03,4.862500190734863,95891.796875,603.4299926757812,36.20000076293945,,62.95249938964844,1777.8072509765625,102.56132507324219
2025-05-04,4.862500190734863,94315.9765625,603.4299926757812,36.20000076293945,,62.95249938964844,1777.8072509765625,102.56132507324219
2025-05-05,4.860499858856201,94748.0546875,603.4299926757812,36.20000076293945,,62.95249938964844,1777.8072509765625,102.56132507324219
2025-05-06,4.855999946594238,96802.4765625,599.72998046875,36.4900016784668,,66.04499816894531,1774.30859375,101.7965316772461
2025-05-07,4.866000175476074,97032.3203125,596.6300048828125,36.029998779296875,,65.78250122070312,1777.5574951171875,101.44354248046875
2025-05-08,4.861999988555908,103241.4609375,605.0900268554688,36.060001373291016,,64.94249725341797,1772.3094482421875,102.62016296386719
2025-05-09,4.854000091552734,102970.8515625,602.9099731445312,36.20000076293945,,64.9124984741211,1777.3076171875,102.5417251586914
2025-05-10,4.854000091552734,104696.328125,602.9099731445312,36.20000076293945,,64.9124984741211,1777.3076171875,102.5417251586914
2025-05-11,4.854000091552734,104106.359375,602.9099731445312,36.20000076293945,,64.9124984741211,1777.3076171875,102.5417251586914
2025-05-12,4.838500022888184,102812.953125,618.25,36.93000030517578,,62.877498626708984,1793.8011474609375,105.15966796875
2025-05-13,4.826000213623047,104169.8125,627.4500122070312,37.06999969482422,,63.13750076293945,1768.3111572265625,105.71856689453125
2025-05-14,4.823500156402588,103539.4140625,627.8400268554688,37.400001525878906,,61.88999938964844,1747.5692138671875,105.64012908935547
2025-05-15,4.8394999504089355,103744.640625,628.239990234375,37.209999084472656,,62.4474983215332,1751.462158203125,105.91466522216797
2025-05-16,4.840000152587891,103489.2890625,631.1799926757812,37.13999938964844,,61.78499984741211,1772.2056884765625,106.44413757324219
2025-05-17,4.840000152587891,103191.0859375,631.1799926757812,37.13999938964844,,61.78499984741211,1772.2056884765625,106.44413757324219
2025-05-18,4.840000152587891,106446.0078125,631.1799926757812,37.13999938964844,,61.78499984741211,1772.2056884765625,106.44413757324219
2025-05-19,4.835000038146973,105606.1796875,632.5499877929688,37.2599983215332,,62.8224983215332,1766.957275390625,106.08136749267578
2025-05-20,4.831999778747559,106791.0859375,633.25,37.20000076293945,,63.66749954223633,1767.70703125,106.248046875
2025-05-21,4.820000171661377,109678.078125,631.3800048828125,37.58000183105469,,64.32499694824219,1743.96435546875,105.703857421875
2025-05-22,4.820499897003174,111673.28125,622.72998046875,37.08000183105469,,63.977500915527344,1713.7236328125,104.5419692993164
2025-05-23,4.822000026702881,107287.796875,617.9600219726562,37.150001525878906,,65.26249694824219,1707.975341796875,103.44378662109375
2025-05-24,4.822000026702881,107791.15625,617.9600219726562,37.150001525878906,,65.26249694824219,1707.975341796875,103.44378662109375
2025-05-25,4.822000026702881,109035.390625,617.9600219726562,37.150001525878906,,65.26249694824219,1707.975341796875,103.44378662109375
2025-05-26,4.835999965667725,109440.3671875,617.9600219726562,37.150001525878906,,65.26249694824219,1707.975341796875,103.44378662109375
2025-05-27,4.843999862670898,108994.640625,628.3400268554688,37.099998474121094,,63.994998931884766,1734.7171630859375,104.86550903320312
2025-05-28,4.8354997634887695,107802.328125,628.9600219726562,36.9900016784668,,64.0,1734.7171630859375,105.02240753173828
2025-05-29,4.854000091552734,105641.7578125,629.3200073242188,37.15999984741211,,64.42500305175781,1747.46337890625,104.95377349853516
2025-05-30,4.854499816894531,103998.5703125,627.77001953125,36.77000045776367,,63.91749954223633,1756.7105712890625,104.9390640258789
2025-05-31,4.854499816894531,104638.09375,627.77001953125,36.77000045776367,,63.91749954223633,1756.7105712890625,104.9390640258789
2025-06-01,4.854499816894531,105652.1015625,627.77001953125,36.77000045776367,,63.91749954223633,1756.7105712890625,104.9390640258789
2025-06-02,4.8454999923706055,105881.53125,627.72998046875,36.880001068115234,,65.51499938964844,1747.46337890625,104.53215026855469
2025-06-03,4.849999904632568,105432.46875,634.9400024414062,37.08000183105469,,65.05750274658203,1747.963134765625,105.48324584960938
2025-06-04,4.861999988555908,104731.984375,637.280029296875,37.52000045776367,,65.53250122070312,1746.96337890625,105.71856689453125
2025-06-05,4.855999946594238,101575.953125,638.739990234375,37.869998931884766,,65.19499969482422,1745.7138671875,105.80682373046875
2025-06-06,4.8480000495910645,104390.34375,638.6199951171875,37.790000915527344,,64.74500274658203,1755.4608154296875,106.23824310302734
2025-06-07,4.8480000495910645,105615.625,638.6199951171875,37.790000915527344,,64.74500274658203,1755.4608154296875,106.23824310302734
2025-06-08,4.8480000495910645,105793.6484375,638.6199951171875,37.790000915527344,,64.74500274658203,1755.4608154296875,106.23824310302734
2025-06-09,4.85099983215332,110294.1015625,639.7899780273438,38.20000076293945,,64.6875,1757.7100830078125,106.29707336425781
2025-06-10,4.854499816894531,110257.234375,640.5999755859375,38.29999923706055,,64.61750030517578,1774.9549560546875,106.70889282226562
2025-06-11,4.863500118255615,108686.625,644.8300170898438,38.72999954223633,,64.8499984741211,1777.953857421875,107.10108947753906
2025-06-12,4.874000072479248,105929.0546875,643.010009765625,38.70000076293945,,65.83499908447266,1762.95849609375,106.62553405761719
2025-06-13,4.857999801635742,106090.96875,641.1300048828125,38.20000076293945,,66.49749755859375,1752.461669921875,106.04212951660156
2025-06-14,4.857999801635742,105472.40625,641.1300048828125,38.20000076293945,,66.49749755859375,1752.461669921875,106.04212951660156
2025-06-15,4.857999801635742,105552.0234375,641.1300048828125,38.20000076293945,,66.49749755859375,1752.461669921875,106.04212951660156
2025-06-16,4.863500118255615,106796.7578125,643.8499755859375,38.650001525878906,,66.14749908447266,1759.9593505859375,106.65985870361328
2025-06-17,4.86299991607666,104601.1171875,640.8099975585938,38.2599983215332,,65.6875,1763.958251953125,106.50298309326172
2025-06-18,4.874000072479248,104883.328125,640.4199829101562,38.119998931884766,,65.83000183105469,1776.9542236328125,106.7284927368164
2025-06-19,4.868000030517578,104684.2890625,631.5599975585938,37.4900016784668,,65.40750122070312,1764.7078857421875,105.59098815917969
2025-06-20,4.868000030517578,103309.6015625,637.6900024414062,37.86000061035156,,65.4124984741211,1773.4554443359375,106.08416748046875
2025-06-21,4.868000030517578,102257.40625,637.6900024414062,37.86000061035156,,65.4124984741211,1773.4554443359375,106.08416748046875
2025-06-22,4.868000030517578,100987.140625,637.6900024414062,37.86000061035156,,65.4124984741211,1773.4554443359375,106.08416748046875
2025-06-23,4.881999969482422,105577.7734375,638.280029296875,37.90999984741211,,65.82499694824219,1774.9549560546875,105.88689422607422
2025-06-24,4.882999897003174,106045.6328125,648.4500122070312,39.0,,64.36250305175781,1770.206298828125,106.7154541015625
2025-06-25,4.878499984741211,107361.2578125,649.4099731445312,39.06999969482422,,64.55999755859375,1751.212158203125,106.70558166503906
2025-06-26,4.886000156402588,106960.0,653.5,39.380001068115234,,64.58999633789062,1723.720703125,106.59707641601562
2025-06-27,4.884500026702881,107088.4296875,659.0,39.369998931884766,,63.557498931884766,1740.9652099609375,107.68209075927734
2025-06-28,4.884500026702881,107327.703125,659.0,39.369998931884766,,63.557498931884766,1740.9652099609375,107.68209075927734
2025-06-29,4.884500026702881,108385.5703125,659.0,39.369998931884766,,63.557498931884766,1740.9652099609375,107.68209075927734
2025-06-30,4.885499954223633,107135.3359375,659.969970703125,39.290000915527344,,63.8650016784668,1728.468994140625,107.77086639404297
2025-07-01,4.890999794006348,105698.28125,660.530029296875,39.47999954223633,,64.91999816894531,1754.4610595703125,107.86949157714844
2025-07-02,4.886499881744385,108859.3203125,662.719970703125,39.540000915527344,,64.92250061035156,1758.709716796875,108.91504669189453
2025-07-03,4.882500171661377,109647.9765625,669.510009765625,39.880001068115234,,64.67749786376953,1764.7078857421875,109.48715209960938
2025-07-04,4.886499881744385,108034.3359375,665.6300048828125,39.5099983215332,,64.7125015258789,1755.9605712890625,108.96436309814453
2025-07-05,4.886499881744385,108231.1796875,665.6300048828125,39.5099983215332,,64.7125015258789,1755.9605712890625,108.96436309814453
2025-07-06,4.886499881744385,109232.0703125,665.6300048828125,39.5099983215332,,64.7125015258789,1755.9605712890625,108.96436309814453
2025-07-07,4.875500202178955,108299.8515625,665.6500244140625,39.47999954223633,,64.51000213623047,1757.9600830078125,108.9347915649414
2025-07-08,4.859499931335449,108950.2734375,663.9500122070312,39.4900016784668,,64.01000213623047,1750.962158203125,109.2356185913086
2025-07-09,4.86899995803833,111326.5546875,665.8900146484375,39.439998626708984,,64.26499938964844,1748.9627685546875,109.45262145996094
2025-07-10,4.86899995803833,115987.203125,669.5999755859375,39.540000915527344,,64.48999786376953,1761.458984375,110.14801788330078
2025-07-11,4.860000133514404,117516.9921875,667.4299926757812,39.5,,65.34750366210938,1758.2100830078125,110.1282958984375
2025-07-12,4.860000133514404,117435.2265625,667.4299926757812,39.5,,65.34750366210938,1758.2100830078125,110.1282958984375
2025-07-13,4.860000133514404,119116.1171875,667.4299926757812,39.5,,65.34750366210938,1758.2100830078125,110.1282958984375
2025-07-14,4.855000019073486,119849.703125,667.8499755859375,39.560001373291016,,65.04750061035156,1779.20361328125,110.67572021484375
2025-07-15,4.853499889373779,117777.1875,668.5999755859375,39.7599983215332,,64.63500213623047,1774.4549560546875,111.06533813476562
2025-07-16,4.84499979019165,118738.5078125,662.5900268554688,39.81999969482422,,65.48500061035156,1763.4583740234375,109.86196899414062
2025-07-17,4.860499858856201,119289.84375,670.8800048828125,40.189998626708984,,64.80500030517578,1773.955078125,111.3711166381836
2025-07-18,4.863500118255615,118003.2265625,671.97998046875,40.310001373291016,,65.11750030517578,1771.7059326171875,111.35139465332031
2025-07-19,4.863500118255615,117939.9765625,671.97998046875,40.310001373291016,,65.11750030517578,1771.7059326171875,111.35139465332031
2025-07-20,4.863500118255615,117300.7890625,671.97998046875,40.310001373291016,,65.11750030517578,1771.7059326171875,111.35139465332031
2025-07-21,4.875,117439.5390625,675.8200073242188,40.5099983215332,,66.04000091552734,1779.453369140625,111.50920867919922
2025-07-22,4.888999938964844,119995.4140625,672.0399780273438,40.31999969482422,,66.52999877929688,1787.450927734375,110.96670532226562
2025-07-23,4.877999782562256,118754.9609375,675.1199951171875,40.63999938964844,,66.27749633789062,1785.45166015625,111.42536163330078
2025-07-24,4.864500045776367,118368.0,680.25,40.599998474121094,,65.56749725341797,1786.951171875,112.27857971191406
2025-07-25,4.861499786376953,117635.8828125,680.5,40.349998474121094,,64.6875,1787.2010498046875,112.89998626708984
2025-07-26,4.861499786376953,117947.3671875,680.5,40.349998474121094,,64.6875,1787.2010498046875,112.89998626708984
2025-07-27,4.861499786376953,119448.4921875,680.5,40.349998474121094,,64.6875,1787.2010498046875,112.89998626708984
2025-07-28,4.866499900817871,117924.4765625,681.8300170898438,40.220001220703125,,64.41000366210938,1788.2008056640625,112.92957305908203
2025-07-29,4.874000072479248,117922.1484375,680.1699829101562,40.16999816894531,,64.57749938964844,1798.947509765625,113.1219253540039
2025-07-30,4.872499942779541,117831.1875,679.8699951171875,39.970001220703125,,63.94499969482422,1810.9437255859375,113.51154327392578
2025-07-31,4.880499839782715,115758.203125,681.5399780273438,39.810001373291016,,64.0425033569336,1793.4490966796875,113.81731414794922
2025-08-01,4.892000198364258,113320.0859375,665.1599731445312,39.34000015258789,,65.0824966430664,1766.45751953125,111.42044067382812
2025-08-02,4.892000198364258,112526.9140625,665.1599731445312,39.34000015258789,,65.0824966430664,1766.45751953125,111.42044067382812
2025-08-03,4.892000198364258,114217.671875,665.1599731445312,39.34000015258789,,65.0824966430664,1766.45751953125,111.42044067382812
2025-08-04,4.9019999504089355,115071.8828125,673.3900146484375,39.689998626708984,,65.52249908447266,1789.9503173828125,112.65338897705078
2025-08-05,4.9054999351501465,114141.4453125,671.8900146484375,39.91999816894531,,65.69750213623047,1792.449462890625,112.45613098144531
2025-08-06,4.9004998207092285,115028.0,676.5399780273438,39.959999084472656,,65.56749725341797,1800.197021484375,112.82107543945312
2025-08-07,4.906499862670898,117496.8984375,676.5599975585938,40.369998931884766,,65.80500030517578,1778.4537353515625,112.53009796142578
2025-08-08,4.895999908447266,116688.7265625,680.2999877929688,40.31999969482422,,65.9124984741211,1778.4537353515625,112.77669525146484
2025-08-09,4.895999908447266,116500.359375,680.2999877929688,40.31999969482422,,65.9124984741211,1778.4537353515625,112.77669525146484
2025-08-10,4.895999908447266,119306.7578125,680.2999877929688,40.31999969482422,,65.9124984741211,1778.4537353515625,112.77669525146484
2025-08-11,4.89300012588501,118731.4453125,681.7100219726562,40.33000183105469,,65.08499908447266,1774.2049560546875,113.1465835571289
2025-08-12,4.88700008392334,120172.90625,685.8900146484375,40.66999816894531,,65.08499908447266,1755.710693359375,113.11698913574219
2025-08-13,4.9079999923706055,123344.0625,688.9400024414062,41.189998626708984,,65.17250061035156,1763.958251953125,113.19590759277344
2025-08-14,4.895999908447266,118359.578125,688.5800170898438,40.630001068115234,,64.87999725341797,1747.1185302734375,113.20576477050781
2025-08-15,4.895999908447266,117398.3515625,689.1099853515625,40.77000045776367,,64.94249725341797,1750.6177978515625,113.26493835449219
2025-08-16,4.895999908447266,117491.3515625,689.1099853515625,40.77000045776367,,64.94249725341797,1750.6177978515625,113.26493835449219
2025-08-17,4.895999908447266,117453.0625,689.1099853515625,40.77000045776367,,64.94249725341797,1750.6177978515625,113.26493835449219
2025-08-18,4.875500202178955,116252.3125,687.780029296875,40.959999084472656,,64.75250244140625,1753.1173095703125,113.58551025390625
2025-08-19,4.883500099182129,112831.1796875,686.8400268554688,40.83000183105469,,64.60250091552734,1770.1136474609375,113.7482681274414
2025-08-20,4.891499996185303,114274.7421875,681.4099731445312,40.56999969482422,,64.88999938964844,1786.6099853515625,113.35372161865234
2025-08-21,4.875500202178955,112419.03125,682.1599731445312,40.630001068115234,,64.95249938964844,1787.6097412109375,113.65950012207031
2025-08-22,4.894999980926514,116874.0859375,691.72998046875,41.33000183105469,,65.61000061035156,1804.1060791015625,114.340087890625
2025-08-23,4.894999980926514,115374.328125,691.72998046875,41.33000183105469,,65.61000061035156,1804.1060791015625,114.340087890625
2025-08-24,4.894999980926514,113458.4296875,691.72998046875,41.33000183105469,,65.61000061035156,1804.1060791015625,114.340087890625
2025-08-25,4.884500026702881,110124.3515625,691.72998046875,41.33000183105469,,65.61000061035156,1804.1060791015625,114.340087890625
2025-08-26,4.888500213623047,111802.65625,687.4000244140625,41.06999969482422,,65.71499633789062,1791.1090087890625,113.89623260498047
2025-08-27,4.888000011444092,111222.0625,691.8099975585938,40.70000076293945,,65.80750274658203,1801.3568115234375,114.290771484375
2025-08-28,4.896500110626221,112544.8046875,692.27001953125,40.88999938964844,,66.15750122070312,1792.608642578125,114.1576156616211
2025-08-29,4.891499996185303,108410.8359375,689.510009765625,40.720001220703125,,66.91999816894531,1801.1068115234375,113.66934967041016
2025-08-30,4.891499996185303,108808.0703125,689.510009765625,40.720001220703125,,66.91999816894531,1801.1068115234375,113.66934967041016
2025-08-31,4.891499996185303,108236.7109375,689.510009765625,40.720001220703125,,66.91999816894531,1801.1068115234375,113.66934967041016
2025-09-01,4.889500141143799,109250.59375,691.1599731445312,40.77000045776367,,67.52999877929688,1804.1060791015625,113.70880889892578
2025-09-02,4.881499767303467,111200.5859375,680.739990234375,40.560001373291016,,68.25,1793.8583984375,113.51154327392578
2025-09-03,4.89300012588501,111723.2109375,687.5800170898438,40.849998474121094,,69.2699966430664,1785.3602294921875,113.83704376220703
2025-09-04,4.897500038146973,110723.6015625,691.5,40.630001068115234,,68.90249633789062,1790.6090087890625,114.47817993164062
2025-09-05,4.927999973297119,110650.984375,691.2100219726562,41.189998626708984,,69.73500061035156,1802.6064453125,113.92581176757812
2025-09-06,4.927999973297119,110224.6953125,691.2100219726562,41.189998626708984,,69.73500061035156,1802.6064453125,113.92581176757812
2025-09-07,4.927999973297119,111167.6171875,691.2100219726562,41.189998626708984,,69.73500061035156,1802.6064453125,113.92581176757812
2025-09-08,4.933499813079834,112071.4296875,694.1199951171875,41.52000045776367,,70.63999938964844,1797.607666015625,114.62614440917969
2025-09-09,4.921500205993652,111530.546875,694.1400146484375,41.810001373291016,,70.66999816894531,1801.3568115234375,114.63600158691406
2025-09-10,4.92549991607666,113955.359375,698.260009765625,42.189998626708984,,70.79000091552734,1805.3558349609375,115.13905334472656
2025-09-11,4.936999797821045,115507.5390625,703.7999877929688,42.58000183105469,,70.60749816894531,1813.3541259765625,115.85910034179688
2025-09-12,4.923999786376953,116101.578125,703.7899780273438,42.56999969482422,,70.81749725341797,1818.35302734375,115.86897277832031
2025-09-13,4.923999786376953,115950.5078125,703.7899780273438,42.56999969482422,,70.81749725341797,1818.35302734375,115.86897277832031
2025-09-14,4.923999786376953,115407.65625,703.7899780273438,42.56999969482422,,70.81749725341797,1818.35302734375,115.86897277832031
2025-09-15,4.935500144958496,115444.875,706.5900268554688,42.869998931884766,,71.2074966430664,1815.8536376953125,116.09584045410156
2025-09-16,4.934000015258789,116843.1875,705.5900268554688,43.04999923706055,,71.44249725341797,1797.607666015625,115.62237548828125
2025-09-17,4.938000202178955,116468.5078125,705.3599853515625,43.40999984741211,,71.56999969482422,1803.6063232421875,115.65196990966797
2025-09-18,4.926000118255615,117137.203125,710.2999877929688,43.2400016784668,,70.68499755859375,1804.6060791015625,117.0087890625
2025-09-19,4.915999889373779,115688.859375,708.9199829101562,43.119998931884766,,71.26000213623047,1810.604736328125,117.35494232177734
2025-09-20,4.915999889373779,115721.9609375,708.9199829101562,43.119998931884766,,71.26000213623047,1810.604736328125,117.35494232177734
2025-09-21,4.915999889373779,115306.09375,708.9199829101562,43.119998931884766,,71.26000213623047,1810.604736328125,117.35494232177734
2025-09-22,4.919000148773193,112748.5078125,713.0900268554688,43.2400016784668,,72.48500061035156,1800.1070556640625,117.59230041503906
2025-09-23,4.920499801635742,112014.5,714.6099853515625,43.5099983215332,,73.3949966430664,1806.605712890625,117.95823669433594
2025-09-24,4.920499801635742,113328.6328125,710.5999755859375,43.2599983215332,,72.75,1806.105712890625,117.82965850830078
2025-09-25,4.9105000495910645,109049.2890625,706.510009765625,42.959999084472656,,72.51000213623047,1803.3563232421875,117.90878295898438
2025-09-26,4.914000034332275,109712.828125,708.0599975585938,42.689998626708984,,73.37000274658203,1809.10498046875,117.5824203491211
2025-09-27,4.914000034332275,109681.9453125,708.0599975585938,42.689998626708984,,73.37000274658203,1809.10498046875,117.5824203491211
2025-09-28,4.914000034332275,112122.640625,708.0599975585938,42.689998626708984,,73.37000274658203,1809.10498046875,117.5824203491211
2025-09-29,4.921000003814697,114400.3828125,711.7999877929688,43.150001525878906,,74.31500244140625,1811.6044921875,118.14120483398438
2025-09-30,4.921500205993652,114056.0859375,710.8699951171875,43.189998626708984,,74.54000091552734,1809.10498046875,117.9384536743164
2025-10-01,4.921500205993652,118648.9296875,715.0800170898438,43.58000183105469,,75.01000213623047,1822.60205078125,118.37361907958984
2025-10-02,4.926000118255615,120681.2578125,716.0999755859375,43.70000076293945,,74.375,1816.8533935546875,119.1944808959961
2025-10-03,4.929999828338623,122266.53125,720.6599731445312,44.029998779296875,,75.4800033569336,1824.101806640625,119.57030487060547
2025-10-04,4.929999828338623,122425.4296875,720.6599731445312,44.029998779296875,,75.4800033569336,1824.101806640625,119.57030487060547
2025-10-05,4.929999828338623,123513.4765625,720.6599731445312,44.029998779296875,,75.4800033569336,1824.101806640625,119.57030487060547
2025-10-06,4.918499946594238,124752.53125,720.2100219726562,44.119998931884766,,76.75250244140625,1818.10302734375,119.63954162597656
2025-10-07,4.92549991607666,121451.3828125,717.9400024414062,43.970001220703125,,77.37999725341797,1813.6041259765625,119.40218353271484
2025-10-08,4.926499843597412,123354.8671875,721.52001953125,44.099998474121094,,78.54000091552734,1805.855712890625,120.1043701171875
2025-10-09,4.924499988555908,121705.5859375,719.010009765625,43.83000183105469,,77.9000015258789,1814.603759765625,120.44062805175781
2025-10-10,4.940000057220459,113214.3671875,708.9400024414062,42.7400016784668,,77.98750305175781,1787.10986328125,118.20548248291016
2025-10-11,4.940000057220459,110807.8828125,708.9400024414062,42.7400016784668,,77.98750305175781,1787.10986328125,118.20548248291016
2025-10-12,4.940000057220459,115169.765625,708.9400024414062,42.7400016784668,,77.98750305175781,1787.10986328125,118.20548248291016
2025-10-13,4.934999942779541,115271.078125,711.4199829101562,43.52000045776367,,79.55249786376953,1799.1072998046875,118.95712280273438
2025-10-14,4.94350004196167,113118.6640625,708.2000122070312,43.04999923706055,,80.38500213623047,1810.3548583984375,118.83845520019531
2025-10-15,4.954500198364258,110783.1640625,715.3699951171875,43.810001373291016,,81.2874984741211,1825.8514404296875,119.31317138671875
2025-10-16,4.953999996185303,108186.0390625,714.739990234375,44.2599983215332,,82.92500305175781,1827.60107421875,119.28349304199219
2025-10-17,4.95550012588501,106467.7890625,706.9299926757812,43.779998779296875,,82.62750244140625,1827.1011962890625,118.24504089355469
2025-10-18,4.95550012588501,107198.265625,706.9299926757812,43.779998779296875,,82.62750244140625,1827.1011962890625,118.24504089355469
2025-10-19,4.95550012588501,108666.7109375,706.9299926757812,43.779998779296875,,82.62750244140625,1827.1011962890625,118.24504089355469
2025-10-20,4.9644999504089355,110588.9296875,719.8300170898438,44.619998931884766,,84.4574966430664,1841.34814453125,120.04502868652344
2025-10-21,4.9664998054504395,108476.890625,721.1699829101562,44.22999954223633,,80.14250183105469,1846.596923828125,120.23294067382812
2025-10-22,4.9644999504089355,107688.5859375,716.4500122070312,44.119998931884766,,78.29499816894531,1852.095703125,119.78789520263672
2025-10-23,4.9604997634887695,110069.7265625,719.219970703125,44.43000030517578,,80.4574966430664,1859.3441162109375,120.75711059570312
2025-10-24,4.9604997634887695,111033.921875,719.219970703125,44.39569854736328,,79.68769836425781,1859.3441162109375,120.75711059570312
2025-10-25,4.9604997634887695,111641.7265625,719.219970703125,44.39569854736328,,79.68769836425781,1859.3441162109375,120.75711059570312
2025-10-26,4.9604997634887695,114472.4453125,719.219970703125,44.39569854736328,,79.68769836425781,1859.3441162109375,120.75711059570312
2025-10-27,4.9670000076293945,114119.328125,733.5800170898438,45.15999984741211,,77.45249938964844,1866.092529296875,122.63621520996094
2025-10-28,4.964000225067139,112956.1640625,737.1199951171875,45.119998931884766,,76.87999725341797,1853.84521484375,123.49665069580078
2025-10-29,4.965000152587891,110055.3046875,738.72998046875,45.56999969482422,,77.61750030517578,1834.5994873046875,124.23839569091797
2025-10-30,4.952499866485596,108305.546875,734.0499877929688,45.040000915527344,,77.63249969482422,1834.099609375,124.1592788696289
2025-10-31,4.948500156402588,109556.1640625,731.75,44.75,,77.34249877929688,1832.10009765625,123.76367950439453
2025-11-01,4.948500156402588,110064.015625,731.75,44.75,,77.34249877929688,1832.10009765625,123.76367950439453
2025-11-02,4.948500156402588,110639.625,731.75,44.75,,77.34249877929688,1832.10009765625,123.76367950439453
2025-11-03,4.941999912261963,106547.5234375,732.5999755859375,45.119998931884766,,77.60250091552734,1816.103515625,123.8329086303711
2025-11-04,4.946499824523926,101590.5234375,727.47998046875,44.65999984741211,,77.10749816894531,1837.598876953125,123.94169616699219
2025-11-05,4.936500072479248,103891.8359375,727.9400024414062,44.63999938964844,,77.25749969482422,1834.5994873046875,123.99114990234375
2025-11-06,4.946499824523926,101301.2890625,719.469970703125,44.310001373291016,,77.26750183105469,1830.1004638671875,122.36918640136719
2025-11-07,4.945499897003174,103372.40625,711.5599975585938,43.84000015258789,,77.98999786376953,1830.6004638671875,120.66809844970703
2025-11-08,4.945499897003174,102282.1171875,711.5599975585938,43.84000015258789,,77.98999786376953,1830.6004638671875,120.66809844970703
2025-11-09,4.945499897003174,104719.640625,711.5599975585938,43.84000015258789,,77.98999786376953,1830.6004638671875,120.66809844970703
2025-11-10,4.941500186920166,105996.59375,725.0,44.56999969482422,,79.50749969482422,1837.848876953125,122.91313934326172
2025-11-11,4.953499794006348,102997.46875,729.0599975585938,44.970001220703125,,79.82250213623047,1857.594482421875,123.6548843383789
2025-11-12,4.948999881744385,101663.1875,732.25,45.0099983215332,,81.42500305175781,1861.5936279296875,124.59443664550781
2025-11-13,4.941999912261963,99697.4921875,725.7100219726562,44.849998474121094,,81.70999908447266,1820.7313232421875,122.97246551513672
2025-11-14,4.934999942779541,94397.7890625,722.9099731445312,44.90999984741211,,79.57499694824219,1813.232421875,122.88346862792969
2025-11-15,4.934999942779541,95549.1484375,722.9099731445312,44.90999984741211,,79.57499694824219,1813.232421875,122.88346862792969
2025-11-16,4.934999942779541,94177.078125,722.9099731445312,44.90999984741211,,79.57499694824219,1813.232421875,122.88346862792969
2025-11-17,4.934500217437744,92093.875,719.6599731445312,44.400001525878906,,79.05750274658203,1812.232666015625,121.97358703613281
2025-11-18,4.936500072479248,92948.875,709.4400024414062,43.7599983215332,,78.85749816894531,1808.2332763671875,120.45052337646484
2025-11-19,4.932000160217285,91465.9921875,710.0499877929688,43.630001068115234,,79.2074966430664,1800.734375,120.93512725830078
2025-11-20,4.933499813079834,86631.8984375,715.5999755859375,43.689998626708984,,78.94499969482422,1811.2327880859375,121.38018798828125
2025-11-21,4.936999797821045,85090.6875,703.5499877929688,42.91999816894531,,79.1050033569336,1803.2340087890625,119.7285385131836
2025-11-22,4.936999797821045,84648.359375,703.5499877929688,42.91999816894531,,79.1050033569336,1803.2340087890625,119.7285385131836
2025-11-23,4.936999797821045,86805.0078125,703.5499877929688,42.91999816894531,,79.1050033569336,1803.2340087890625,119.7285385131836
2025-11-24,4.940999984741211,88270.5625,716.239990234375,43.41999816894531,,79.54750061035156,1813.232421875,121.36039733886719
2025-11-25,4.951000213623047,87341.890625,719.489990234375,43.439998626708984,,80.33000183105469,1822.2310791015625,121.33073425292969
2025-11-26,4.957499980926514,90518.3671875,730.5900268554688,44.04999923706055,,80.84500122070312,1822.2310791015625,122.57687377929688
2025-11-27,4.954999923706055,91285.375,729.5399780273438,43.95000076293945,,80.66999816894531,1813.232421875,122.31973266601562
2025-11-28,4.949999809265137,90919.265625,732.0700073242188,44.189998626708984,,81.72000122070312,1824.2308349609375,122.8142318725586
2025-11-29,4.949999809265137,90851.7578125,732.0700073242188,44.189998626708984,,81.72000122070312,1824.2308349609375,122.8142318725586
2025-11-30,4.949999809265137,90394.3125,732.0700073242188,44.189998626708984,,81.72000122070312,1824.2308349609375,122.8142318725586
2025-12-01,4.933499813079834,86321.5703125,730.9600219726562,44.119998931884766,,82.17749786376953,1814.732177734375,122.75489807128906
2025-12-02,4.9375,91350.203125,729.5700073242188,43.91999816894531,,81.22000122070312,1812.7325439453125,122.86368560791016
2025-12-03,4.939000129699707,93527.8046875,733.0700073242188,44.0,,81.98750305175781,1791.7357177734375,122.1021499633789
2025-12-04,4.939000129699707,92141.625,732.97998046875,44.06999969482422,,81.81500244140625,1790.9857177734375,122.24060821533203
2025-12-05,4.928500175476074,89387.7578125,735.25,44.43000030517578,,81.8324966430664,1786.2364501953125,122.7746810913086
2025-12-06,4.928500175476074,89272.375,735.25,44.43000030517578,,81.8324966430664,1786.2364501953125,122.7746810913086
2025-12-07,4.928500175476074,90405.640625,735.25,44.43000030517578,,81.8324966430664,1786.2364501953125,122.7746810913086
2025-12-08,4.914999961853027,90640.203125,733.239990234375,44.18000030517578,,81.4375,1772.7384033203125,122.51753234863281
2025-12-09,4.920499801635742,92691.7109375,735.0900268554688,44.20000076293945,,81.82250213623047,1772.238525390625,122.75489807128906
2025-12-10,4.91949987411499,92020.9453125,733.52001953125,44.34000015258789,,81.55500030517578,1768.739013671875,122.47796630859375
2025-12-11,4.930500030517578,92511.3359375,735.2000122070312,44.38999938964844,,82.6500015258789,1774.7381591796875,122.2801742553711
2025-12-12,4.920000076293945,90270.4140625,729.9000244140625,43.95000076293945,,83.11750030517578,1780.2373046875,121.94391632080078
2025-12-13,4.920000076293945,90298.7109375,729.9000244140625,43.95000076293945,,83.11750030517578,1780.2373046875,121.94391632080078
2025-12-14,4.920000076293945,88175.1796875,729.9000244140625,43.95000076293945,,83.11750030517578,1780.2373046875,121.94391632080078
2025-12-15,4.927499771118164,86419.78125,730.9000244140625,44.130001068115234,,83.33499908447266,1780.7373046875,122.12193298339844
2025-12-16,4.927999973297119,87843.984375,726.6799926757812,43.529998779296875,,83.48750305175781,1770.2388916015625,120.93512725830078
2025-12-17,4.921000003814697,86143.7578125,722.6599731445312,43.40999984741211,,83.96499633789062,1781.2373046875,120.58898162841797
2025-12-18,4.933000087738037,85462.5078125,729.7899780273438,43.970001220703125,,84.75499725341797,1784.7366943359375,121.82697296142578
2025-12-19,4.927499771118164,88103.3828125,731.8099975585938,44.2599983215332,,84.38249969482422,1783.23681640625,122.33305358886719
2025-12-20,4.927499771118164,88344.0,731.8099975585938,44.2599983215332,,84.38249969482422,1783.23681640625,122.33305358886719
2025-12-21,4.927499771118164,88621.75,731.8099975585938,44.2599983215332,,84.38249969482422,1783.23681640625,122.33305358886719
2025-12-22,4.927000045776367,88490.015625,736.4000244140625,44.45000076293945,,86.1050033569336,1777.23779296875,122.19413757324219
2025-12-23,4.927999973297119,87414.0,738.5700073242188,44.529998779296875,,86.5999984741211,1771.2386474609375,122.42237091064453
2025-12-24,4.927999973297119,87611.9609375,740.22998046875,44.83000183105469,,87.22250366210938,1775.738037109375,122.3926010131836
2025-12-25,4.927999973297119,87234.7421875,740.22998046875,44.83000183105469,,87.22250366210938,1775.738037109375,122.3926010131836
2025-12-26,4.927999973297119,87301.4296875,740.22998046875,44.83000183105469,,87.22250366210938,1775.738037109375,122.3926010131836
2025-12-27,,87802.15625,740.22998046875,44.83000183105469,,87.22250366210938,1775.738037109375,122.3926010131836
2025-12-28,,87835.8359375,,,,,,
2025-12-29,4.941500186920166,87138.140625,738.969970703125,44.84000015258789,,84.24749755859375,1786.2364501953125,122.42237091064453
2025-12-30,4.934000015258789,88430.1328125,740.239990234375,45.18000030517578,,84.74749755859375,1791.7357177734375,122.9582290649414
2025-12-31,4.934000015258789,87508.828125,738.530029296875,45.119998931884766,,83.6500015258789,1794.2352294921875,122.72006225585938
2026-01-01,4.934000015258789,88731.984375,738.530029296875,45.119998931884766,,83.6500015258789,1794.2352294921875,122.72006225585938
2026-01-02,4.922500133514404,89944.6953125,733.52001953125,45.97999954223633,,83.79499816894531,1777.7376708984375,122.46206665039062
2026-01-03,4.922500133514404,90603.1875,733.52001953125,45.97999954223633,,83.79499816894531,1777.7376708984375,122.46206665039062
2026-01-04,4.922500133514404,91413.4921875,733.52001953125,45.97999954223633,,83.79499816894531,1777.7376708984375,122.46206665039062
2026-01-05,4.927000045776367,93882.5546875,740.6400146484375,46.560001373291016,,86.30999755859375,1778.987548828125,123.50399780273438
2026-01-06,4.923999786376953,93729.03125,741.4299926757812,46.959999084472656,,87.0824966430664,1783.23681640625,123.92076873779297
2026-01-07,4.940499782562256,91308.0546875,744.8200073242188,46.79999923706055,,86.66999816894531,1812.482666015625,124.31769561767578
2026-01-08,4.931000232696533,91027.125,741.25,46.459999084472656,,86.56749725341797,1818.231689453125,124.19862365722656
2026-01-09,4.936500072479248,90513.1015625,744.7999877929688,46.75,,87.4625015258789,1829.2301025390625,125.15125274658203
2026-01-10,4.936500072479248,90386.6484375,744.7999877929688,46.75,,87.4625015258789,1829.2301025390625,125.15125274658203
2026-01-11,4.936500072479248,90827.4609375,744.7999877929688,46.75,,87.4625015258789,1829.2301025390625,125.15125274658203
2026-01-12,4.940999984741211,91192.9921875,747.0,47.2599983215332,,89.71749877929688,1814.232421875,125.11155700683594
2026-01-13,4.934500217437744,95321.78125,746.5700073242188,47.2400016784668,,89.42250061035156,1810.7327880859375,125.31993865966797
2026-01-14,4.94350004196167,96929.328125,740.3300170898438,47.22999954223633,,89.68250274658203,1826.73046875,124.67493438720703
2026-01-15,4.94350004196167,95551.1875,747.3200073242188,47.7400016784668,,89.51750183105469,1857.7259521484375,126.14356994628906
2026-01-16,4.934999942779541,95525.1171875,745.1799926757812,47.29999923706055,,89.13749694824219,1860.7254638671875,125.84587097167969
2026-01-17,4.934999942779541,95099.921875,745.1799926757812,47.29999923706055,,89.13749694824219,1860.7254638671875,125.84587097167969
2026-01-18,4.934999942779541,93634.4296875,745.1799926757812,47.29999923706055,,89.13749694824219,1860.7254638671875,125.84587097167969
2026-01-19,4.932499885559082,92553.59375,736.1500244140625,47.56999969482422,,90.67749786376953,1853.2265625,124.39707946777344
2026-01-20,4.919000148773193,88310.90625,735.6599731445312,47.29999923706055,,92.0625,1836.2291259765625,123.85131072998047
2026-01-21,4.920000076293945,89376.9609375,735.22998046875,47.720001220703125,,94.08000183105469,1832.9794921875,124.08946990966797
2026-01-22,4.926000118255615,89462.453125,742.0399780273438,48.22999954223633,,94.6875,1833.7294921875,124.73446655273438
2026-01-23,4.92549991607666,89503.875,741.72998046875,48.119998931884766,,96.72250366210938,1807.2332763671875,123.92076873779297
2026-01-24,4.92549991607666,89110.734375,741.72998046875,48.119998931884766,,96.72250366210938,1807.2332763671875,123.92076873779297
2026-01-25,4.92549991607666,86572.21875,741.72998046875,48.119998931884766,,96.72250366210938,1807.2332763671875,123.92076873779297
2026-01-26,4.935999870300293,88267.140625,745.239990234375,48.599998474121094,,98.55999755859375,1803.73388671875,123.67269134521484
2026-01-27,4.934500217437744,89102.5703125,748.8800048828125,49.27000045776367,,98.84249877929688,1792.235595703125,123.93069458007812
2026-01-28,4.936999797821045,89184.5703125,747.9299926757812,49.47999954223633,,102.47750091552734,1798.234619140625,123.70246124267578
2026-01-29,4.934500217437744,84561.5859375,740.0399780273438,49.119998931884766,,102.55999755859375,1798.234619140625,122.64067840576172
2026-01-30,4.939000129699707,84128.65625,743.280029296875,48.72999954223633,,96.69999694824219,1803.2340087890625,123.36506652832031
2026-01-31,4.939000129699707,78621.1171875,743.280029296875,48.72999954223633,,96.69999694824219,1803.2340087890625,123.36506652832031
2026-02-01,4.939000129699707,76974.4453125,743.280029296875,48.72999954223633,,96.69999694824219,1803.2340087890625,123.36506652832031
2026-02-02,4.934500217437744,78688.765625,747.9099731445312,48.47999954223633,,90.4175033569336,1816.73193359375,124.35739135742188
2026-02-03,4.929999828338623,75633.546875,743.3699951171875,49.02000045776367,,96.68499755859375,1801.2342529296875,123.6429214477539
2026-02-04,4.934500217437744,73019.703125,739.27001953125,48.63999938964844,,95.6050033569336,1842.7281494140625,123.67269134521484
2026-02-05,4.936999797821045,62702.09765625,731.8800048828125,48.310001373291016,,94.18499755859375,1852.9765625,123.46926879882812
2026-02-06,4.940999984741211,70555.390625,739.6400146484375,48.959999084472656,,95.81500244140625,1858.2259521484375,124.28792572021484
2026-02-07,4.940999984741211,69281.96875,739.6400146484375,48.959999084472656,,95.81500244140625,1858.2259521484375,124.28792572021484
2026-02-08,4.940999984741211,70264.7265625,739.6400146484375,48.959999084472656,,95.81500244140625,1858.2259521484375,124.28792572021484
2026-02-09,4.940499782562256,70120.78125,747.02001953125,49.70000076293945,,98.37000274658203,1865.224853515625,125.27032470703125
2026-02-10,4.960000038146973,68793.9609375,747.1799926757812,49.79999923706055,,97.42500305175781,1887.2215576171875,125.5680160522461
2026-02-11,4.956500053405762,66991.96875,744.77001953125,50.150001525878906,,98.51000213623047,1904.718994140625,125.68710327148438
2026-02-12,4.9654998779296875,66221.84375,736.6199951171875,49.939998626708984,,95.8324966430664,1909.2183837890625,124.70470428466797
2026-02-13,4.972499847412109,68857.84375,735.530029296875,49.90999984741211,,97.43499755859375,1917.717041015625,124.58562469482422
2026-02-14,4.972499847412109,69767.625,735.530029296875,49.90999984741211,,97.43499755859375,1917.717041015625,124.58562469482422
2026-02-15,4.972499847412109,68788.1875,735.530029296875,49.90999984741211,,97.43499755859375,1917.717041015625,124.58562469482422
2026-02-16,4.979000091552734,68843.15625,733.1300048828125,50.040000915527344,,96.7925033569336,1918.217041015625,124.28792572021484
2026-02-17,4.978499889373779,67494.21875,733.1500244140625,49.84000015258789,,94.69999694824219,1937.714111328125,125.18102264404297
2026-02-18,4.977499961853027,66425.3203125,740.4500122070312,50.459999084472656,,97.06500244140625,1925.2159423828125,126.30233764648438
2026-02-19,4.9770002365112305,66957.5234375,736.9299926757812,50.09000015258789,,97.10250091552734,1914.8450927734375,126.46110534667969
2026-02-20,4.9770002365112305,68005.421875,738.8099975585938,50.84000015258789,,98.34249877929688,1926.8441162109375,126.70918273925781
2026-02-21,4.9770002365112305,68003.765625,738.8099975585938,50.84000015258789,,98.34249877929688,1926.8441162109375,126.70918273925781
2026-02-22,4.9770002365112305,67659.390625,738.8099975585938,50.84000015258789,,98.34249877929688,1926.8441162109375,126.70918273925781
2026-02-23,4.986000061035156,64616.73828125,734.0900268554688,50.689998626708984,,101.08999633789062,1934.343505859375,126.02449035644531
2026-02-24,4.991000175476074,64080.04296875,737.260009765625,51.45000076293945,,99.72750091552734,1925.84423828125,126.32218933105469
2026-02-25,4.984499931335449,67960.125,743.7000122070312,51.81999969482422,,101.0250015258789,1931.34375,127.35419464111328
2026-02-26,4.991000175476074,67453.7734375,740.4500122070312,51.380001068115234,,100.59249877929688,1947.5924072265625,127.2053451538086
2026-02-27,4.998000144958496,65881.796875,737.8400268554688,51.2599983215332,,101.54000091552734,1967.3408203125,127.46334075927734
2026-02-28,4.998000144958496,66995.859375,737.8400268554688,51.2599983215332,,101.54000091552734,1967.3408203125,127.46334075927734
2026-03-01,4.998000144958496,65738.1015625,737.8400268554688,51.2599983215332,,101.54000091552734,1967.3408203125,127.46334075927734
2026-03-02,4.978499889373779,68775.8515625,735.3099975585938,50.13999938964844,,102.85250091552734,1952.842041015625,126.87788391113281
2026-03-03,4.959000110626221,68293.6484375,727.1599731445312,47.38999938964844,,99.37000274658203,1924.84423828125,124.55584716796875
2026-03-04,4.973499774932861,72710.578125,737.3200073242188,48.290000915527344,,100.03250122070312,1931.59375,125.94509887695312
2026-03-05,4.946000099182129,70841.125,731.6400146484375,47.130001068115234,,98.2300033569336,1925.84423828125,124.8833236694336
2026-03-06,4.946000099182129,68136.4921875,731.6400146484375,47.130001068115234,,99.70999908447266,1925.84423828125,124.8833236694336
2026-03-07,4.946000099182129,67272.59375,731.6400146484375,47.130001068115234,,99.70999908447266,1925.84423828125,124.8833236694336
2026-03-08,4.946000099182129,65969.78125,731.6400146484375,47.130001068115234,,99.70999908447266,1925.84423828125,124.8833236694336
2026-03-09,4.945000171661377,68402.3828125,721.5599975585938,47.11000061035156,,99.08499908447266,1871.3486328125,122.7002182006836
2026-03-10,4.952499866485596,69926.921875,732.7999877929688,48.619998931884766,,101.5875015258789,1901.84619140625,124.48638916015625
2026-03-11,4.93149995803833,70204.8828125,726.75,47.95000076293945,,100.33999633789062,1878.8480224609375,123.68260955810547
2026-03-12,4.9120001792907715,70493.4609375,719.969970703125,46.81999969482422,,99.52999877929688,1871.8486328125,122.84906768798828
2026-03-13,4.901500225067139,70968.265625,714.3300170898438,46.599998474121094,,97.91999816894531,1883.34765625,122.81929779052734
2026-03-14,4.901500225067139,71214.625,714.3300170898438,46.599998474121094,,97.91999816894531,1883.34765625,122.81929779052734
2026-03-15,4.901500225067139,72789.9140625,714.3300170898438,46.599998474121094,,97.91999816894531,1883.34765625,122.81929779052734
2026-03-16,4.918000221252441,74861.0859375,717.8699951171875,47.38999938964844,,96.48999786376953,1889.34716796875,123.3154525756836
2026-03-17,4.929999828338623,73922.4765625,721.9600219726562,47.9900016784668,,97.0824966430664,1896.3465576171875,123.69254302978516
2026-03-18,4.918000221252441,71245.578125,716.47998046875,47.58000183105469,,94.5875015258789,1883.84765625,122.88875579833984
2026-03-19,4.915999889373779,69912.7890625,707.3599853515625,46.7599983215332,,88.98750305175781,1848.3504638671875,120.62255859375
2026-03-20,4.88700008392334,70522.5859375,703.6199951171875,45.91999816894531,,88.93499755859375,1822.8525390625,119.9061050415039
2026-03-21,4.88700008392334,68711.5234375,703.6199951171875,45.91999816894531,,88.93499755859375,1822.8525390625,119.9061050415039
2026-03-22,4.88700008392334,67845.2109375,703.6199951171875,45.91999816894531,,88.93499755859375,1822.8525390625,119.9061050415039
2026-03-23,4.889999866485596,70914.859375,707.1599731445312,46.5,,85.0,1812.8533935546875,120.09516906738281
2026-03-24,4.886000156402588,70517.859375,706.5900268554688,46.31999969482422,,85.74500274658203,1810.353515625,120.15487670898438
2026-03-25,4.901500225067139,71309.8828125,709.4500122070312,47.099998474121094,,88.34750366210938,1810.853515625,121.14994812011719
2026-03-26,4.883500099182129,68791.625,700.2000122070312,45.79999923706055,,85.18499755859375,1802.8541259765625,119.66728973388672
2026-03-27,4.88100004196167,66338.375,688.8400268554688,45.31999969482422,,87.66000366210938,1797.8546142578125,118.43339538574219
2026-03-28,4.88100004196167,66319.6953125,688.8400268554688,45.31999969482422,,87.66000366210938,1797.8546142578125,118.43339538574219
2026-03-29,4.88100004196167,65954.921875,688.8400268554688,45.31999969482422,,87.66000366210938,1797.8546142578125,118.43339538574219
2026-03-30,4.889500141143799,66691.4453125,687.6699829101562,45.2599983215332,,88.1500015258789,1822.8525390625,119.34886932373047
2026-03-31,4.897500038146973,68233.3125,691.1400146484375,45.27000045776367,,89.55750274658203,1820.8526611328125,119.8862075805664
2026-04-01,4.923500061035156,68078.5546875,708.25,47.13999938964844,,92.77749633789062,1829.35205078125,122.31417846679688
2026-04-02,4.920000076293945,66888.5703125,705.9099731445312,46.279998779296875,,90.64250183105469,1858.3497314453125,122.19477081298828
2026-04-03,4.920000076293945,66931.1015625,705.9099731445312,46.279998779296875,,90.64250183105469,1858.3497314453125,122.19477081298828
2026-04-04,4.920000076293945,67290.515625,705.9099731445312,46.279998779296875,,90.64250183105469,1858.3497314453125,122.19477081298828
2026-04-05,4.920000076293945,68981.8984375,705.9099731445312,46.279998779296875,,90.64250183105469,1858.3497314453125,122.19477081298828
2026-04-06,,68859.828125,,,,,,
2026-04-07,4.89300012588501,71940.703125,704.4000244140625,46.279998779296875,,90.16999816894531,1847.1005859375,121.77684020996094
2026-04-08,4.927499771118164,71123.359375,726.6599731445312,49.33000183105469,,92.31500244140625,1869.8487548828125,124.70234680175781
2026-04-09,4.90500020980835,71767.828125,730.510009765625,49.16999816894531,,93.01750183105469,1884.8475341796875,124.99092102050781
2026-04-10,4.918499946594238,72979.046875,734.02001953125,49.70000076293945,,92.5999984741211,1884.8475341796875,125.35910034179688
2026-04-11,4.918499946594238,73054.2734375,734.02001953125,49.70000076293945,,92.5999984741211,1884.8475341796875,125.35910034179688
2026-04-12,4.918499946594238,70753.40625,734.02001953125,49.70000076293945,,92.5999984741211,1884.8475341796875,125.35910034179688
2026-04-13,4.9039998054504395,74484.640625,732.6400146484375,49.45000076293945,,91.39749908447266,1874.848388671875,125.17998504638672
2026-04-14,4.926499843597412,74181.609375,746.6400146484375,50.790000915527344,,93.30750274658203,1895.8466796875,126.53328704833984
2026-04-15,4.92549991607666,74805.078125,751.4099731445312,50.849998474121094,,93.0824966430664,1890.8470458984375,126.97110748291016
2026-04-16,4.926499843597412,75152.1328125,756.1599731445312,51.18000030517578,,93.1675033569336,1913.34521484375,127.87662506103516
2026-04-17,4.938499927520752,77126.875,766.8400268554688,52.40999984741211,,94.55750274658203,1935.343505859375,129.55828857421875
2026-04-18,4.938499927520752,75726.2109375,766.8400268554688,52.40999984741211,,94.55750274658203,1935.343505859375,129.55828857421875
2026-04-19,4.938499927520752,73856.3515625,766.8400268554688,52.40999984741211,,94.55750274658203,1935.343505859375,129.55828857421875
2026-04-20,4.933499813079834,75872.5234375,762.9600219726562,51.65999984741211,,93.24250030517578,1942.3428955078125,128.92144775390625
2026-04-21,4.929500102996826,76352.7734375,762.02001953125,51.400001525878906,,92.0250015258789,1927.3441162109375,128.64283752441406
2026-04-22,4.930500030517578,78203.1015625,765.489990234375,51.939998626708984,,91.7750015258789,1919.3447265625,129.0010528564453
2026-04-23,4.933000087738037,78268.953125,767.9400024414062,51.59000015258789,,91.84500122070312,1921.844482421875,129.219970703125
2026-04-24,4.921500205993652,77455.3125,767.469970703125,51.959999084472656,,91.53500366210938,1921.3446044921875,129.02096557617188
2026-04-25,4.921500205993652,77612.015625,767.469970703125,51.959999084472656,,91.53500366210938,1921.3446044921875,129.02096557617188
2026-04-26,4.921500205993652,78657.5390625,767.469970703125,51.959999084472656,,91.53500366210938,1921.3446044921875,129.02096557617188
2026-04-27,4.914999961853027,77366.625,768.7000122070312,52.09000015258789,,90.80000305175781,1902.8460693359375,128.71249389648438
2026-04-28,4.90749979019165,76350.671875,764.989990234375,51.29999923706055,,88.72750091552734,1909.3455810546875,128.4040069580078
2026-04-29,4.901500225067139,75776.1328125,766.469970703125,51.54999923706055,,88.17250061035156,1896.3465576171875,128.57318115234375
2026-04-30,4.9079999923706055,76304.3203125,770.3499755859375,51.91999816894531,,89.7249984741211,1911.8453369140625,128.78213500976562
2026-05-01,4.9079999923706055,78179.0,779.8099975585938,52.720001220703125,,89.97000122070312,1914.8450927734375,129.76727294921875
2026-05-02,4.9079999923706055,78657.25,779.8099975585938,52.720001220703125,,89.97000122070312,1914.8450927734375,129.76727294921875
2026-05-03,4.9079999923706055,78538.2265625,779.8099975585938,52.720001220703125,,89.97000122070312,1914.8450927734375,129.76727294921875
2026-05-04,4.898499965667725,79827.90625,779.8099975585938,52.720001220703125,,89.97000122070312,1914.8450927734375,129.76727294921875
2026-05-05,4.9120001792907715,80927.0546875,779.5900268554688,53.63999938964844,,88.8324966430664,1908.3455810546875,130.3444061279297
2026-05-06,4.922500133514404,81427.53125,789.219970703125,55.02000045776367,,91.07250213623047,1941.343017578125,132.30470275878906
2026-05-07,4.919000148773193,80009.9921875,793.010009765625,55.060001373291016,,92.07250213623047,1930.3438720703125,132.30470275878906
2026-05-08,4.918499946594238,80186.765625,794.510009765625,55.38999938964844,,91.42250061035156,1922.344482421875,132.3743438720703
2026-05-09,4.918499946594238,80664.3671875,794.510009765625,55.38999938964844,,91.42250061035156,1922.344482421875,132.3743438720703
2026-05-10,4.918499946594238,82138.9296875,794.510009765625,55.38999938964844,,91.42250061035156,1922.344482421875,132.3743438720703
2026-05-11,4.912499904632568,81728.296875,797.6199951171875,55.599998474121094,,91.82749938964844,1922.344482421875,132.66293334960938
2026-05-12,4.894499778747559,80477.4921875,790.1199951171875,53.41999816894531,,90.43250274658203,1923.3443603515625,131.9564208984375
2026-05-13,4.890999794006348,79277.1171875,797.2100219726562,54.790000915527344,,91.11499786376953,1917.8448486328125,133.55848693847656
2026-05-14,4.913000106811523,81051.25,807.2000122070312,55.099998474121094,,90.9625015258789,1927.8441162109375,135.13070678710938
2026-05-15,4.868000030517578,79065.6796875,799.1300048828125,53.349998474121094,,88.17749786376953,1913.84521484375,134.732666015625
2026-05-16,4.868000030517578,78131.4375,799.1300048828125,53.349998474121094,,88.17749786376953,1913.84521484375,134.732666015625
2026-05-17,4.868000030517578,77429.3515625,799.1300048828125,53.349998474121094,,88.17749786376953,1913.84521484375,134.732666015625
2026-05-18,4.871500015258789,76954.171875,794.0599975585938,53.029998779296875,,88.1050033569336,1905.8458251953125,133.37936401367188
2026-05-19,4.865499973297119,76750.90625,789.739990234375,52.209999084472656,,87.3499984741211,1911.3453369140625,132.67286682128906
2026-05-20,4.886499881744385,77457.7734375,798.1400146484375,53.33000183105469,,88.03250122070312,1923.3443603515625,133.81719970703125
2026-05-21,4.888500213623047,77539.171875,795.6699829101562,53.220001220703125,,87.45249938964844,1915.0,133.8769073486328
2026-05-22,4.890999794006348,75488.2421875,806.0700073242188,54.040000915527344,,87.66000366210938,1913.0,135.12074279785156
2026-05-23,4.890999794006348,76673.3671875,806.0700073242188,54.040000915527344,,87.66000366210938,1913.0,135.12074279785156
2026-05-24,4.890999794006348,76981.125,806.0700073242188,54.040000915527344,,87.66000366210938,1913.0,135.12074279785156
2026-05-25,4.916999816894531,77279.9296875,806.0700073242188,54.040000915527344,,87.66000366210938,1913.0,135.12074279785156
2026-05-26,4.902500152587891,75825.734375,808.2999877929688,55.529998779296875,,87.40499877929688,1922.5,136.13571166992188
2026-05-27,4.916999816894531,74344.703125,808.4000244140625,55.68000030517578,,86.11250305175781,1933.5,136.1655731201172
2026-05-28,4.923500061035156,73536.5546875,812.9299926757812,55.83000183105469,,86.9175033569336,1928.5,136.8024139404297
2026-05-29,4.929500102996826,73372.5234375,816.52001953125,56.09000015258789,,88.8499984741211,1909.5,136.9019317626953
2026-05-30,4.929500102996826,73754.8359375,816.52001953125,56.09000015258789,,88.8499984741211,1909.5,136.9019317626953
2026-05-31,4.929500102996826,73579.6875,816.52001953125,56.09000015258789,,88.8499984741211,1909.5,136.9019317626953
2026-06-01,4.910999774932861,71319.7734375,816.1799926757812,56.91999816894531,,86.8550033569336,1887.5,137.2700958251953
2026-06-02,4.926000118255615,66703.65625,819.0999755859375,57.58000183105469,,87.43250274658203,1877.5,137.95669555664062
2026-06-03,4.90749979019165,64014.3671875,814.6599731445312,56.79999923706055,,86.1624984741211,1885.0,137.36961364746094
2026-06-04,4.919000148773193,63801.57421875,814.739990234375,56.060001373291016,,86.74500274658203,1889.5,137.29000854492188
2026-06-05,4.901500225067139,60922.66796875,805.8800048828125,53.70000076293945,,84.33499908447266,1914.5,135.7476348876953
2026-06-06,4.901500225067139,60867.4140625,805.8800048828125,53.70000076293945,,84.33499908447266,1914.5,135.7476348876953
2026-06-07,4.901500225067139,63239.51953125,805.8800048828125,53.70000076293945,,84.33499908447266,1914.5,135.7476348876953
2026-06-08,4.901500225067139,63090.58984375,800.02001953125,53.59000015258789,,84.06749725341797,1905.0,135.45907592773438
2026-06-09,4.9019999504089355,61643.78125,788.1500244140625,53.2400016784668,,82.87000274658203,1921.0,133.24005126953125
2026-06-10,4.902500152587891,61449.2890625,787.9199829101562,53.13999938964844,,80.09500122070312,1937.5,133.06094360351562
2026-06-11,4.9105000495910645,63561.0546875,784.719970703125,53.529998779296875,,79.16999816894531,1934.5,133.46893310546875
2026-06-12,4.923999786376953,63543.19921875,800.5399780273438,55.41999816894531,,81.8375015258789,1951.25,135.76754760742188
2026-06-13,4.923999786376953,64421.32421875,800.5399780273438,55.41999816894531,,81.8375015258789,1951.25,135.76754760742188
2026-06-14,4.923999786376953,65710.3984375,800.5399780273438,55.41999816894531,,81.8375015258789,1951.25,135.76754760742188
2026-06-15,4.927499771118164,66289.5,813.8499755859375,56.9900016784668,,84.45249938964844,1946.5,137.71788024902344
2026-06-16,4.934500217437744,65600.640625,811.97998046875,56.400001525878906,,83.93499755859375,1940.5,137.47906494140625
2026-06-17,4.936999797821045,64418.4453125,809.239990234375,57.060001373291016,,84.55999755859375,1929.5,137.95669555664062
2026-06-18,4.941999912261963,62896.47265625,805.239990234375,57.63999938964844,,82.08999633789062,1932.0,139.02999877929688
2026-06-19,4.92549991607666,63540.8359375,806.7100219726562,57.099998474121094,,80.54499816894531,1924.0,138.9499969482422
2026-06-20,4.92549991607666,64239.67578125,806.7100219726562,57.099998474121094,,80.54499816894531,1924.0,138.9499969482422
2026-06-21,4.92549991607666,63237.5390625,806.7100219726562,57.099998474121094,,80.54499816894531,1924.0,138.9499969482422
2026-06-22,4.921999931335449,63952.10546875,804.7100219726562,58.0,,81.25,1938.5,138.89999389648438
2026-06-23,4.933499813079834,62668.01953125,794.1099853515625,55.20000076293945,,80.2125015258789,1951.0,136.9600067138672
2026-06-24,4.942500114440918,60995.1328125,798.739990234375,55.09000015258789,,77.76000213623047,1965.0,137.63999938964844
2026-06-25,4.947999954223633,59721.67578125,793.8099975585938,55.47999954223633,,78.03250122070312,1960.75,137.08999633789062
2026-06-26,4.951000213623047,60016.4296875,794.1300048828125,54.959999084472656,,79.18499755859375,1986.0,136.8000030517578
2026-06-27,4.951000213623047,59940.09765625,794.1300048828125,54.959999084472656,,79.18499755859375,1986.0,136.8000030517578
2026-06-28,4.951000213623047,59532.33984375,794.1300048828125,54.959999084472656,,79.18499755859375,1986.0,136.8000030517578
2026-06-29,4.951499938964844,60138.37890625,796.8300170898438,54.529998779296875,,78.01249694824219,1967.5,136.49000549316406
2026-06-30,4.947500228881836,58558.859375,805.5399780273438,55.75,,78.18499755859375,1952.0,137.83999633789062
2026-07-01,4.938000202178955,60003.7578125,808.9600219726562,54.939998626708984,,79.12999725341797,1949.5,137.8800048828125
2026-07-02,4.934999942779541,61485.30078125,806.0599975585938,54.18000030517578,,80.13749694824219,1950.0,136.72999572753906
2026-07-03,4.927499771118164,62544.19921875,807.8599853515625,55.36000061035156,,80.8550033569336,1965.0,137.64999389648438
2026-07-04,4.927499771118164,63088.3046875,807.8599853515625,55.36000061035156,,80.8550033569336,1965.0,137.64999389648438
2026-07-05,4.927499771118164,63547.8828125,807.8599853515625,55.36000061035156,,80.8550033569336,1965.0,137.64999389648438
2026-07-06,4.929999828338623,63995.015625,811.1500244140625,55.369998931884766,,80.49250030517578,1947.0,138.02000427246094
2026-07-07,4.918499946594238,63297.39453125,805.9600219726562,53.47999954223633,,80.37249755859375,1968.5,136.3800048828125
2026-07-08,4.899499893188477,62257.57421875,800.1199951171875,53.290000915527344,,78.0625,1941.0,135.30999755859375
2026-07-09,4.91349983215332,63193.1484375,810.280029296875,54.59000015258789,,80.05999755859375,1945.0,136.86000061035156
2026-07-10,4.915500164031982,64127.140625,813.6699829101562,54.7400016784668,,79.61250305175781,1928.5,137.16000366210938
2026-07-11,4.915500164031982,63802.02734375,813.6699829101562,54.7400016784668,,79.61250305175781,1928.5,137.16000366210938
2026-07-12,4.915500164031982,63758.21875,813.6699829101562,54.7400016784668,,79.61250305175781,1928.5,137.16000366210938
2026-07-13,4.900000095367432,62239.12109375,812.8099975585938,53.310001373291016,,77.89250183105469,1947.0,136.8800048828125
2026-07-14,4.91349983215332,64956.11328125,812.6300048828125,53.689998626708984,,79.1675033569336,1948.5,137.10000610351562
2026-07-15,4.914999961853027,64712.375,814.1500244140625,53.529998779296875,,78.52249908447266,1938.5,136.16000366210938
2026-07-16,4.903500080108643,63789.28125,815.0700073242188,52.93000030517578,,77.87999725341797,1967.25,136.0500030517578
2026-07-17,4.909999847412109,63899.4609375,804.5999755859375,51.81999969482422,,77.79750061035156,1989.0,134.77999877929688
2026-07-18,4.909999847412109,64796.6015625,804.5999755859375,51.81999969482422,,77.79750061035156,1989.0,134.77999877929688
2026-07-19,4.909999847412109,64690.8046875,804.5999755859375,51.81999969482422,,77.79750061035156,1989.0,134.77999877929688
2026-07-20,4.8979997634887695,65230.02734375,805.9400024414062,52.2400016784668,,77.8375015258789,1976.0,135.25999450683594
2026-07-21,4.891499996185303,66505.125,808.0399780273438,53.369998931884766,106.05999755859375,79.1675033569336,1985.5,136.4600067138672
2026-07-22,4.888999938964844,66100.796875,809.47998046875,53.220001220703125,106.27999877929688,80.65249633789062,1981.0,136.66000366210938
2026-07-23,4.873000144958496,65044.8125,796.0800170898438,52.47999954223633,106.04000091552734,78.5250015258789,1985.5,135.22999572753906
2026-07-24,4.888000011444092,64098.49609375,801.8599853515625,52.209999084472656,106.31999969482422,79.06500244140625,2016.5,135.74000549316406
2026-07-25,4.888000011444092,64311.8125,801.8599853515625,52.209999084472656,106.31999969482422,79.06500244140625,2016.5,135.74000549316406
2026-07-26,4.888000011444092,65340.30078125,801.8599853515625,52.209999084472656,106.31999969482422,79.06500244140625,2016.5,135.74000549316406
2026-07-27,4.89300012588501,63724.8984375,796.6599731445312,51.58000183105469,106.33999633789062,79.01249694824219,2020.5,135.38999938964844
2026-07-28,4.9085001945495605,63871.36328125,800.9099731445312,51.209999084472656,106.54000091552734,78.25749969482422,2032.5,135.89999389648438
2026-07-29,4.893499851226807,63908.16796875,793.7999877929688,50.06999969482422,106.37999725341797,77.8125,2025.5,134.7100067138672
2026-07-30,4.892000198364258,64725.30859375,795.5800170898438,51.54999923706055,105.95999908447266,79.53250122070312,1984.0,134.49000549316406
2026-07-31,4.875500202178955,62813.74609375,800.530029296875,52.11000061035156,105.26000213623047,78.33000183105469,1974.5,134.8300018310547
2026-08-01,4.875500202178955,62763.3203125,800.530029296875,52.11000061035156,105.26000213623047,78.33000183105469,1974.5,134.8300018310547
2026-08-02,4.875500202178955,63482.0,800.530029296875,52.11000061035156,105.26000213623047,78.33000183105469,1974.5,134.8300018310547
2026-08-03,4.892000198364258,63460.8984375,815.9199829101562,52.25,105.22000122070312,78.25749969482422,1976.0,136.97999572753906
2026-08-04,4.9054999351501465,64055.953125,829.27001953125,53.849998474121094,105.41999816894531,79.10749816894531,1970.0,139.0
2026-08-05,4.911499977111816,64597.5,834.1500244140625,54.040000915527344,105.16000366210938,82.5425033569336,1964.0,139.60000610351562
2026-08-06,4.90500020980835,64262.11328125,830.5599975585938,53.650001525878906,105.26000213623047,82.44499969482422,1959.5,139.22999572753906
2026-08-07,4.902500152587891,64880.19140625,835.719970703125,53.790000915527344,105.36000061035156,84.38999938964844,1960.5,139.74000549316406
2026-08-08,4.902500152587891,64904.6875,835.719970703125,53.790000915527344,105.36000061035156,84.38999938964844,1960.5,139.74000549316406
2026-08-09,4.902500152587891,64844.88671875,835.719970703125,53.790000915527344,105.36000061035156,84.38999938964844,1960.5,139.74000549316406
2026-08-10,4.892499923706055,63910.5859375,835.6900024414062,53.599998474121094,105.08000183105469,84.36750030517578,1926.5,139.2899932861328
2026-08-11,4.894000053405762,63551.875,834.25,53.849998474121094,105.22000122070312,84.9175033569336,1925.0,139.44000244140625
<<<<<<< HEAD,,,,,,,,
=======,,,,,,,,
>>>>>>> 21ad65f08439a2828c8a2bdc6d13790281a365ff,,,,,,,,
